<?xml version="1.0" encoding="utf-8"?>
<SearchQueries>
  <QueryGroup Name="Word final" Expanded="false" ExpandedInPopup="false">
    <Queries />
  </QueryGroup>
  <QueryGroup Name="Word initial" Expanded="false" ExpandedInPopup="false">
    <Queries>
      <SearchQuery version="2" Name="Word initial - any" Pattern="{[C],[V]}/#_*">
        <IsPatternRegExpression>false</IsPatternRegExpression>
        <ShowAllOccurrences>true</ShowAllOccurrences>
        <IncludeAllUncertainPossibilities>false</IncludeAllUncertainPossibilities>
        <IgnoreDiacritics>false</IgnoreDiacritics>
        <IgnoredStressChars>',.,|,ˈ,ˌ,‖,‿,</IgnoredStressChars>
        <IgnoredToneChars>˥˧,˧˩,˦˥˦,˩˨,˦˥,˥˩,˩˥,²,³,¹,˥,˦,˧,˨,˩,̀,́,̂,̄,̋,̌,̏,᷄,᷅,᷈,⁴,⁵,⁶,⁷,⁸,⁹,↑,↓,↗,↘,</IgnoredToneChars>
        <IgnoredLengthChars>ː,ˑ,̆,</IgnoredLengthChars>
        <CompleteIgnoredList>
          <string>˦˥˦</string>
          <string>˥˧</string>
          <string>˧˩</string>
          <string>˩˨</string>
          <string>˦˥</string>
          <string>˥˩</string>
          <string>˩˥</string>
          <string>²</string>
          <string>³</string>
          <string>¹</string>
          <string>˥</string>
          <string>˦</string>
          <string>˧</string>
          <string>˨</string>
          <string>˩</string>
          <string>̀</string>
          <string>́</string>
          <string>̂</string>
          <string>̄</string>
          <string>̋</string>
          <string>̌</string>
          <string>̏</string>
          <string>᷄</string>
          <string>᷅</string>
          <string>᷈</string>
          <string>⁴</string>
          <string>⁵</string>
          <string>⁶</string>
          <string>⁷</string>
          <string>⁸</string>
          <string>⁹</string>
          <string>↑</string>
          <string>↓</string>
          <string>↗</string>
          <string>↘</string>
          <string>'</string>
          <string>.</string>
          <string>|</string>
          <string>ˈ</string>
          <string>ˌ</string>
          <string>‖</string>
          <string>‿</string>
          <string>ː</string>
          <string>ˑ</string>
          <string>̆</string>
        </CompleteIgnoredList>
      </SearchQuery>
      <SearchQuery version="2" Name="Word initial - consonants" Pattern="[C]/#_*">
        <IsPatternRegExpression>false</IsPatternRegExpression>
        <ShowAllOccurrences>true</ShowAllOccurrences>
        <IncludeAllUncertainPossibilities>false</IncludeAllUncertainPossibilities>
        <IgnoreDiacritics>false</IgnoreDiacritics>
        <IgnoredStressChars>',.,|,ˈ,ˌ,‖,‿,</IgnoredStressChars>
        <IgnoredToneChars>˥˧,˧˩,˦˥˦,˩˨,˦˥,˥˩,˩˥,²,³,¹,˥,˦,˧,˨,˩,̀,́,̂,̄,̋,̌,̏,᷄,᷅,᷈,⁴,⁵,⁶,⁷,⁸,⁹,↑,↓,↗,↘,</IgnoredToneChars>
        <IgnoredLengthChars>ː,ˑ,̆,</IgnoredLengthChars>
        <CompleteIgnoredList>
          <string>˦˥˦</string>
          <string>˥˧</string>
          <string>˧˩</string>
          <string>˩˨</string>
          <string>˦˥</string>
          <string>˥˩</string>
          <string>˩˥</string>
          <string>²</string>
          <string>³</string>
          <string>¹</string>
          <string>˥</string>
          <string>˦</string>
          <string>˧</string>
          <string>˨</string>
          <string>˩</string>
          <string>̀</string>
          <string>́</string>
          <string>̂</string>
          <string>̄</string>
          <string>̋</string>
          <string>̌</string>
          <string>̏</string>
          <string>᷄</string>
          <string>᷅</string>
          <string>᷈</string>
          <string>⁴</string>
          <string>⁵</string>
          <string>⁶</string>
          <string>⁷</string>
          <string>⁸</string>
          <string>⁹</string>
          <string>↑</string>
          <string>↓</string>
          <string>↗</string>
          <string>↘</string>
          <string>'</string>
          <string>.</string>
          <string>|</string>
          <string>ˈ</string>
          <string>ˌ</string>
          <string>‖</string>
          <string>‿</string>
          <string>ː</string>
          <string>ˑ</string>
          <string>̆</string>
        </CompleteIgnoredList>
      </SearchQuery>
      <SearchQuery version="2" Name="Word initial - vowels" Pattern="[V]/#_*">
        <IsPatternRegExpression>false</IsPatternRegExpression>
        <ShowAllOccurrences>true</ShowAllOccurrences>
        <IncludeAllUncertainPossibilities>false</IncludeAllUncertainPossibilities>
        <IgnoreDiacritics>false</IgnoreDiacritics>
        <IgnoredStressChars>',.,|,ˈ,ˌ,‖,‿,</IgnoredStressChars>
        <IgnoredToneChars>˥˧,˧˩,˦˥˦,˩˨,˦˥,˥˩,˩˥,²,³,¹,˥,˦,˧,˨,˩,̀,́,̂,̄,̋,̌,̏,᷄,᷅,᷈,⁴,⁵,⁶,⁷,⁸,⁹,↑,↓,↗,↘,</IgnoredToneChars>
        <IgnoredLengthChars>ː,ˑ,̆,</IgnoredLengthChars>
        <CompleteIgnoredList>
          <string>˦˥˦</string>
          <string>˥˧</string>
          <string>˧˩</string>
          <string>˩˨</string>
          <string>˦˥</string>
          <string>˥˩</string>
          <string>˩˥</string>
          <string>²</string>
          <string>³</string>
          <string>¹</string>
          <string>˥</string>
          <string>˦</string>
          <string>˧</string>
          <string>˨</string>
          <string>˩</string>
          <string>̀</string>
          <string>́</string>
          <string>̂</string>
          <string>̄</string>
          <string>̋</string>
          <string>̌</string>
          <string>̏</string>
          <string>᷄</string>
          <string>᷅</string>
          <string>᷈</string>
          <string>⁴</string>
          <string>⁵</string>
          <string>⁶</string>
          <string>⁷</string>
          <string>⁸</string>
          <string>⁹</string>
          <string>↑</string>
          <string>↓</string>
          <string>↗</string>
          <string>↘</string>
          <string>'</string>
          <string>.</string>
          <string>|</string>
          <string>ˈ</string>
          <string>ˌ</string>
          <string>‖</string>
          <string>‿</string>
          <string>ː</string>
          <string>ˑ</string>
          <string>̆</string>
        </CompleteIgnoredList>
      </SearchQuery>
      <SearchQuery version="2" Name="Word final - any" Pattern="{[C],[V]}/*_#">
        <IsPatternRegExpression>false</IsPatternRegExpression>
        <ShowAllOccurrences>true</ShowAllOccurrences>
        <IncludeAllUncertainPossibilities>false</IncludeAllUncertainPossibilities>
        <IgnoreDiacritics>false</IgnoreDiacritics>
        <IgnoredStressChars>',.,|,ˈ,ˌ,‖,‿,</IgnoredStressChars>
        <IgnoredToneChars>˥˧,˧˩,˦˥˦,˩˨,˦˥,˥˩,˩˥,²,³,¹,˥,˦,˧,˨,˩,̀,́,̂,̄,̋,̌,̏,᷄,᷅,᷈,⁴,⁵,⁶,⁷,⁸,⁹,↑,↓,↗,↘,</IgnoredToneChars>
        <IgnoredLengthChars>ː,ˑ,̆,</IgnoredLengthChars>
        <CompleteIgnoredList>
          <string>˦˥˦</string>
          <string>˥˧</string>
          <string>˧˩</string>
          <string>˩˨</string>
          <string>˦˥</string>
          <string>˥˩</string>
          <string>˩˥</string>
          <string>²</string>
          <string>³</string>
          <string>¹</string>
          <string>˥</string>
          <string>˦</string>
          <string>˧</string>
          <string>˨</string>
          <string>˩</string>
          <string>̀</string>
          <string>́</string>
          <string>̂</string>
          <string>̄</string>
          <string>̋</string>
          <string>̌</string>
          <string>̏</string>
          <string>᷄</string>
          <string>᷅</string>
          <string>᷈</string>
          <string>⁴</string>
          <string>⁵</string>
          <string>⁶</string>
          <string>⁷</string>
          <string>⁸</string>
          <string>⁹</string>
          <string>↑</string>
          <string>↓</string>
          <string>↗</string>
          <string>↘</string>
          <string>'</string>
          <string>.</string>
          <string>|</string>
          <string>ˈ</string>
          <string>ˌ</string>
          <string>‖</string>
          <string>‿</string>
          <string>ː</string>
          <string>ˑ</string>
          <string>̆</string>
        </CompleteIgnoredList>
      </SearchQuery>
      <SearchQuery version="2" Name="Word final - consonant" Pattern="[C]/*_#">
        <IsPatternRegExpression>false</IsPatternRegExpression>
        <ShowAllOccurrences>true</ShowAllOccurrences>
        <IncludeAllUncertainPossibilities>false</IncludeAllUncertainPossibilities>
        <IgnoreDiacritics>false</IgnoreDiacritics>
        <IgnoredStressChars>',.,|,ˈ,ˌ,‖,‿,</IgnoredStressChars>
        <IgnoredToneChars>˥˧,˧˩,˦˥˦,˩˨,˦˥,˥˩,˩˥,²,³,¹,˥,˦,˧,˨,˩,̀,́,̂,̄,̋,̌,̏,᷄,᷅,᷈,⁴,⁵,⁶,⁷,⁸,⁹,↑,↓,↗,↘,</IgnoredToneChars>
        <IgnoredLengthChars>ː,ˑ,̆,</IgnoredLengthChars>
        <CompleteIgnoredList>
          <string>˦˥˦</string>
          <string>˥˧</string>
          <string>˧˩</string>
          <string>˩˨</string>
          <string>˦˥</string>
          <string>˥˩</string>
          <string>˩˥</string>
          <string>²</string>
          <string>³</string>
          <string>¹</string>
          <string>˥</string>
          <string>˦</string>
          <string>˧</string>
          <string>˨</string>
          <string>˩</string>
          <string>̀</string>
          <string>́</string>
          <string>̂</string>
          <string>̄</string>
          <string>̋</string>
          <string>̌</string>
          <string>̏</string>
          <string>᷄</string>
          <string>᷅</string>
          <string>᷈</string>
          <string>⁴</string>
          <string>⁵</string>
          <string>⁶</string>
          <string>⁷</string>
          <string>⁸</string>
          <string>⁹</string>
          <string>↑</string>
          <string>↓</string>
          <string>↗</string>
          <string>↘</string>
          <string>'</string>
          <string>.</string>
          <string>|</string>
          <string>ˈ</string>
          <string>ˌ</string>
          <string>‖</string>
          <string>‿</string>
          <string>ː</string>
          <string>ˑ</string>
          <string>̆</string>
        </CompleteIgnoredList>
      </SearchQuery>
      <SearchQuery version="2" Name="Word final - vowel" Pattern="[V]/*_#">
        <IsPatternRegExpression>false</IsPatternRegExpression>
        <ShowAllOccurrences>true</ShowAllOccurrences>
        <IncludeAllUncertainPossibilities>false</IncludeAllUncertainPossibilities>
        <IgnoreDiacritics>false</IgnoreDiacritics>
        <IgnoredStressChars>',.,|,ˈ,ˌ,‖,‿,</IgnoredStressChars>
        <IgnoredToneChars>˥˧,˧˩,˦˥˦,˩˨,˦˥,˥˩,˩˥,²,³,¹,˥,˦,˧,˨,˩,̀,́,̂,̄,̋,̌,̏,᷄,᷅,᷈,⁴,⁵,⁶,⁷,⁸,⁹,↑,↓,↗,↘,</IgnoredToneChars>
        <IgnoredLengthChars>ː,ˑ,̆,</IgnoredLengthChars>
        <CompleteIgnoredList>
          <string>˦˥˦</string>
          <string>˥˧</string>
          <string>˧˩</string>
          <string>˩˨</string>
          <string>˦˥</string>
          <string>˥˩</string>
          <string>˩˥</string>
          <string>²</string>
          <string>³</string>
          <string>¹</string>
          <string>˥</string>
          <string>˦</string>
          <string>˧</string>
          <string>˨</string>
          <string>˩</string>
          <string>̀</string>
          <string>́</string>
          <string>̂</string>
          <string>̄</string>
          <string>̋</string>
          <string>̌</string>
          <string>̏</string>
          <string>᷄</string>
          <string>᷅</string>
          <string>᷈</string>
          <string>⁴</string>
          <string>⁵</string>
          <string>⁶</string>
          <string>⁷</string>
          <string>⁸</string>
          <string>⁹</string>
          <string>↑</string>
          <string>↓</string>
          <string>↗</string>
          <string>↘</string>
          <string>'</string>
          <string>.</string>
          <string>|</string>
          <string>ˈ</string>
          <string>ˌ</string>
          <string>‖</string>
          <string>‿</string>
          <string>ː</string>
          <string>ˑ</string>
          <string>̆</string>
        </CompleteIgnoredList>
      </SearchQuery>
    </Queries>
  </QueryGroup>
</SearchQueries>