<?xml version="1.0" encoding="utf-8"?>
<PaFields>
  <Field Name="Phonetic">
    <DisplayText>Phonetic</DisplayText>
    <FwWritingSystemType>Vernacular</FwWritingSystemType>
    <Font Name="Doulos SIL" Size="12" Bold="false" Italic="false" />
    <RightToLeft>false</RightToLeft>
    <CanBeInterlinear>true</CanBeInterlinear>
    <IsParsed>true</IsParsed>
    <IsPhonetic>true</IsPhonetic>
    <IsPhonemic>false</IsPhonemic>
    <IsTone>false</IsTone>
    <IsOrtho>false</IsOrtho>
    <IsGloss>false</IsGloss>
    <IsReference>false</IsReference>
    <IsCVPattern>false</IsCVPattern>
    <IsDate>false</IsDate>
    <IsFwField>true</IsFwField>
    <IsDataSource>false</IsDataSource>
    <IsDataSourcePath>false</IsDataSourcePath>
    <IsAudioFile>false</IsAudioFile>
    <IsAudioOffset>false</IsAudioOffset>
    <IsAudioLength>false</IsAudioLength>
    <IsCustom>false</IsCustom>
    <IsNumeric>false</IsNumeric>
    <IsGuid>false</IsGuid>
    <VisibleInGrid>true</VisibleInGrid>
    <VisibleInRecView>true</VisibleInRecView>
    <DisplayIndexInGrid>0</DisplayIndexInGrid>
    <DisplayIndexInRecView>0</DisplayIndexInRecView>
    <WidthInGrid>100</WidthInGrid>
  </Field>
  <Field Name="Phonemic">
    <DisplayText>Phonemic</DisplayText>
    <FwWritingSystemType>Vernacular</FwWritingSystemType>
    <Font Name="Doulos SIL" Size="12" Bold="false" Italic="false" />
    <RightToLeft>false</RightToLeft>
    <CanBeInterlinear>true</CanBeInterlinear>
    <IsParsed>true</IsParsed>
    <IsPhonetic>false</IsPhonetic>
    <IsPhonemic>true</IsPhonemic>
    <IsTone>false</IsTone>
    <IsOrtho>false</IsOrtho>
    <IsGloss>false</IsGloss>
    <IsReference>false</IsReference>
    <IsCVPattern>false</IsCVPattern>
    <IsDate>false</IsDate>
    <IsFwField>true</IsFwField>
    <IsDataSource>false</IsDataSource>
    <IsDataSourcePath>false</IsDataSourcePath>
    <IsAudioFile>false</IsAudioFile>
    <IsAudioOffset>false</IsAudioOffset>
    <IsAudioLength>false</IsAudioLength>
    <IsCustom>false</IsCustom>
    <IsNumeric>false</IsNumeric>
    <IsGuid>false</IsGuid>
    <VisibleInGrid>false</VisibleInGrid>
    <VisibleInRecView>true</VisibleInRecView>
    <DisplayIndexInGrid>1</DisplayIndexInGrid>
    <DisplayIndexInRecView>1</DisplayIndexInRecView>
    <WidthInGrid>100</WidthInGrid>
  </Field>
  <Field Name="Tone">
    <DisplayText>Tone</DisplayText>
    <FwWritingSystemType>None</FwWritingSystemType>
    <Font Name="Doulos SIL" Size="12" Bold="false" Italic="false" />
    <RightToLeft>false</RightToLeft>
    <CanBeInterlinear>true</CanBeInterlinear>
    <IsParsed>true</IsParsed>
    <IsPhonetic>false</IsPhonetic>
    <IsPhonemic>false</IsPhonemic>
    <IsTone>true</IsTone>
    <IsOrtho>false</IsOrtho>
    <IsGloss>false</IsGloss>
    <IsReference>false</IsReference>
    <IsCVPattern>false</IsCVPattern>
    <IsDate>false</IsDate>
    <IsFwField>true</IsFwField>
    <IsDataSource>false</IsDataSource>
    <IsDataSourcePath>false</IsDataSourcePath>
    <IsAudioFile>false</IsAudioFile>
    <IsAudioOffset>false</IsAudioOffset>
    <IsAudioLength>false</IsAudioLength>
    <IsCustom>false</IsCustom>
    <IsNumeric>false</IsNumeric>
    <IsGuid>false</IsGuid>
    <VisibleInGrid>false</VisibleInGrid>
    <VisibleInRecView>true</VisibleInRecView>
    <DisplayIndexInGrid>2</DisplayIndexInGrid>
    <DisplayIndexInRecView>2</DisplayIndexInRecView>
    <WidthInGrid>100</WidthInGrid>
  </Field>
  <Field Name="Gloss">
    <DisplayText>Gloss</DisplayText>
    <FwWritingSystemType>Analysis</FwWritingSystemType>
    <Font Name="Tahoma" Size="8" Bold="false" Italic="false" />
    <RightToLeft>false</RightToLeft>
    <CanBeInterlinear>true</CanBeInterlinear>
    <IsParsed>true</IsParsed>
    <IsPhonetic>false</IsPhonetic>
    <IsPhonemic>false</IsPhonemic>
    <IsTone>false</IsTone>
    <IsOrtho>false</IsOrtho>
    <IsGloss>true</IsGloss>
    <IsReference>false</IsReference>
    <IsCVPattern>false</IsCVPattern>
    <IsDate>false</IsDate>
    <IsFwField>true</IsFwField>
    <IsDataSource>false</IsDataSource>
    <IsDataSourcePath>false</IsDataSourcePath>
    <IsAudioFile>false</IsAudioFile>
    <IsAudioOffset>false</IsAudioOffset>
    <IsAudioLength>false</IsAudioLength>
    <IsCustom>false</IsCustom>
    <IsNumeric>false</IsNumeric>
    <IsGuid>false</IsGuid>
    <VisibleInGrid>true</VisibleInGrid>
    <VisibleInRecView>true</VisibleInRecView>
    <DisplayIndexInGrid>3</DisplayIndexInGrid>
    <DisplayIndexInRecView>3</DisplayIndexInRecView>
    <WidthInGrid>100</WidthInGrid>
  </Field>
  <Field Name="GlossOther1">
    <DisplayText>Secondary Gloss</DisplayText>
    <FwWritingSystemType>Analysis</FwWritingSystemType>
    <Font Name="Tahoma" Size="8" Bold="false" Italic="false" />
    <RightToLeft>false</RightToLeft>
    <CanBeInterlinear>true</CanBeInterlinear>
    <IsParsed>true</IsParsed>
    <IsPhonetic>false</IsPhonetic>
    <IsPhonemic>false</IsPhonemic>
    <IsTone>false</IsTone>
    <IsOrtho>false</IsOrtho>
    <IsGloss>false</IsGloss>
    <IsReference>false</IsReference>
    <IsCVPattern>false</IsCVPattern>
    <IsDate>false</IsDate>
    <IsFwField>true</IsFwField>
    <IsDataSource>false</IsDataSource>
    <IsDataSourcePath>false</IsDataSourcePath>
    <IsAudioFile>false</IsAudioFile>
    <IsAudioOffset>false</IsAudioOffset>
    <IsAudioLength>false</IsAudioLength>
    <IsCustom>false</IsCustom>
    <IsNumeric>false</IsNumeric>
    <IsGuid>false</IsGuid>
    <VisibleInGrid>false</VisibleInGrid>
    <VisibleInRecView>true</VisibleInRecView>
    <DisplayIndexInGrid>4</DisplayIndexInGrid>
    <DisplayIndexInRecView>4</DisplayIndexInRecView>
    <WidthInGrid>100</WidthInGrid>
  </Field>
  <Field Name="GlossOther2">
    <DisplayText>Other Gloss</DisplayText>
    <FwWritingSystemType>Analysis</FwWritingSystemType>
    <Font Name="Tahoma" Size="8" Bold="false" Italic="false" />
    <RightToLeft>false</RightToLeft>
    <CanBeInterlinear>true</CanBeInterlinear>
    <IsParsed>true</IsParsed>
    <IsPhonetic>false</IsPhonetic>
    <IsPhonemic>false</IsPhonemic>
    <IsTone>false</IsTone>
    <IsOrtho>false</IsOrtho>
    <IsGloss>false</IsGloss>
    <IsReference>false</IsReference>
    <IsCVPattern>false</IsCVPattern>
    <IsDate>false</IsDate>
    <IsFwField>true</IsFwField>
    <IsDataSource>false</IsDataSource>
    <IsDataSourcePath>false</IsDataSourcePath>
    <IsAudioFile>false</IsAudioFile>
    <IsAudioOffset>false</IsAudioOffset>
    <IsAudioLength>false</IsAudioLength>
    <IsCustom>false</IsCustom>
    <IsNumeric>false</IsNumeric>
    <IsGuid>false</IsGuid>
    <VisibleInGrid>false</VisibleInGrid>
    <VisibleInRecView>true</VisibleInRecView>
    <DisplayIndexInGrid>5</DisplayIndexInGrid>
    <DisplayIndexInRecView>5</DisplayIndexInRecView>
    <WidthInGrid>100</WidthInGrid>
  </Field>
  <Field Name="Ortho">
    <DisplayText>Orthographic</DisplayText>
    <FwWritingSystemType>Vernacular</FwWritingSystemType>
    <Font Name="Tahoma" Size="8" Bold="false" Italic="false" />
    <RightToLeft>false</RightToLeft>
    <CanBeInterlinear>true</CanBeInterlinear>
    <IsParsed>true</IsParsed>
    <IsPhonetic>false</IsPhonetic>
    <IsPhonemic>false</IsPhonemic>
    <IsTone>false</IsTone>
    <IsOrtho>true</IsOrtho>
    <IsGloss>false</IsGloss>
    <IsReference>false</IsReference>
    <IsCVPattern>false</IsCVPattern>
    <IsDate>false</IsDate>
    <IsFwField>true</IsFwField>
    <IsDataSource>false</IsDataSource>
    <IsDataSourcePath>false</IsDataSourcePath>
    <IsAudioFile>false</IsAudioFile>
    <IsAudioOffset>false</IsAudioOffset>
    <IsAudioLength>false</IsAudioLength>
    <IsCustom>false</IsCustom>
    <IsNumeric>false</IsNumeric>
    <IsGuid>false</IsGuid>
    <VisibleInGrid>false</VisibleInGrid>
    <VisibleInRecView>true</VisibleInRecView>
    <DisplayIndexInGrid>6</DisplayIndexInGrid>
    <DisplayIndexInRecView>6</DisplayIndexInRecView>
    <WidthInGrid>100</WidthInGrid>
  </Field>
  <Field Name="POS">
    <DisplayText>Part of Speech</DisplayText>
    <FwWritingSystemType>Analysis</FwWritingSystemType>
    <Font Name="Tahoma" Size="8" Bold="false" Italic="false" />
    <RightToLeft>false</RightToLeft>
    <CanBeInterlinear>true</CanBeInterlinear>
    <IsParsed>true</IsParsed>
    <IsPhonetic>false</IsPhonetic>
    <IsPhonemic>false</IsPhonemic>
    <IsTone>false</IsTone>
    <IsOrtho>false</IsOrtho>
    <IsGloss>false</IsGloss>
    <IsReference>false</IsReference>
    <IsCVPattern>false</IsCVPattern>
    <IsDate>false</IsDate>
    <IsFwField>true</IsFwField>
    <IsDataSource>false</IsDataSource>
    <IsDataSourcePath>false</IsDataSourcePath>
    <IsAudioFile>false</IsAudioFile>
    <IsAudioOffset>false</IsAudioOffset>
    <IsAudioLength>false</IsAudioLength>
    <IsCustom>false</IsCustom>
    <IsNumeric>false</IsNumeric>
    <IsGuid>false</IsGuid>
    <VisibleInGrid>true</VisibleInGrid>
    <VisibleInRecView>true</VisibleInRecView>
    <DisplayIndexInGrid>7</DisplayIndexInGrid>
    <DisplayIndexInRecView>7</DisplayIndexInRecView>
    <WidthInGrid>100</WidthInGrid>
  </Field>
  <Field Name="CVPattern">
    <DisplayText>CV Pattern</DisplayText>
    <FwWritingSystemType>None</FwWritingSystemType>
    <Font Name="Doulos SIL" Size="12" Bold="false" Italic="false" />
    <RightToLeft>false</RightToLeft>
    <CanBeInterlinear>true</CanBeInterlinear>
    <IsParsed>true</IsParsed>
    <IsPhonetic>false</IsPhonetic>
    <IsPhonemic>false</IsPhonemic>
    <IsTone>false</IsTone>
    <IsOrtho>false</IsOrtho>
    <IsGloss>false</IsGloss>
    <IsReference>false</IsReference>
    <IsCVPattern>true</IsCVPattern>
    <IsDate>false</IsDate>
    <IsFwField>false</IsFwField>
    <IsDataSource>false</IsDataSource>
    <IsDataSourcePath>false</IsDataSourcePath>
    <IsAudioFile>false</IsAudioFile>
    <IsAudioOffset>false</IsAudioOffset>
    <IsAudioLength>false</IsAudioLength>
    <IsCustom>false</IsCustom>
    <IsNumeric>false</IsNumeric>
    <IsGuid>false</IsGuid>
    <VisibleInGrid>true</VisibleInGrid>
    <VisibleInRecView>true</VisibleInRecView>
    <DisplayIndexInGrid>8</DisplayIndexInGrid>
    <DisplayIndexInRecView>8</DisplayIndexInRecView>
    <WidthInGrid>193</WidthInGrid>
  </Field>
  <Field Name="Freeform">
    <DisplayText>Free Translation</DisplayText>
    <FwWritingSystemType>None</FwWritingSystemType>
    <Font Name="Tahoma" Size="8" Bold="false" Italic="false" />
    <RightToLeft>false</RightToLeft>
    <CanBeInterlinear>false</CanBeInterlinear>
    <IsParsed>false</IsParsed>
    <IsPhonetic>false</IsPhonetic>
    <IsPhonemic>false</IsPhonemic>
    <IsTone>false</IsTone>
    <IsOrtho>false</IsOrtho>
    <IsGloss>false</IsGloss>
    <IsReference>false</IsReference>
    <IsCVPattern>false</IsCVPattern>
    <IsDate>false</IsDate>
    <IsFwField>false</IsFwField>
    <IsDataSource>false</IsDataSource>
    <IsDataSourcePath>false</IsDataSourcePath>
    <IsAudioFile>false</IsAudioFile>
    <IsAudioOffset>false</IsAudioOffset>
    <IsAudioLength>false</IsAudioLength>
    <IsCustom>false</IsCustom>
    <IsNumeric>false</IsNumeric>
    <IsGuid>false</IsGuid>
    <SaFieldName>FreeFormTranslation</SaFieldName>
    <VisibleInGrid>false</VisibleInGrid>
    <VisibleInRecView>true</VisibleInRecView>
    <DisplayIndexInGrid>9</DisplayIndexInGrid>
    <DisplayIndexInRecView>9</DisplayIndexInRecView>
    <WidthInGrid>100</WidthInGrid>
  </Field>
  <Field Name="Reference">
    <DisplayText>Reference</DisplayText>
    <FwWritingSystemType>None</FwWritingSystemType>
    <Font Name="Tahoma" Size="8" Bold="false" Italic="false" />
    <RightToLeft>false</RightToLeft>
    <CanBeInterlinear>false</CanBeInterlinear>
    <IsParsed>false</IsParsed>
    <IsPhonetic>false</IsPhonetic>
    <IsPhonemic>false</IsPhonemic>
    <IsTone>false</IsTone>
    <IsOrtho>false</IsOrtho>
    <IsGloss>false</IsGloss>
    <IsReference>true</IsReference>
    <IsCVPattern>false</IsCVPattern>
    <IsDate>false</IsDate>
    <IsFwField>true</IsFwField>
    <IsDataSource>false</IsDataSource>
    <IsDataSourcePath>false</IsDataSourcePath>
    <IsAudioFile>false</IsAudioFile>
    <IsAudioOffset>false</IsAudioOffset>
    <IsAudioLength>false</IsAudioLength>
    <IsCustom>false</IsCustom>
    <IsNumeric>false</IsNumeric>
    <IsGuid>false</IsGuid>
    <VisibleInGrid>true</VisibleInGrid>
    <VisibleInRecView>true</VisibleInRecView>
    <DisplayIndexInGrid>10</DisplayIndexInGrid>
    <DisplayIndexInRecView>10</DisplayIndexInRecView>
    <WidthInGrid>100</WidthInGrid>
  </Field>
  <Field Name="NotebookRef">
    <DisplayText>Notebook Ref.</DisplayText>
    <FwWritingSystemType>None</FwWritingSystemType>
    <Font Name="Tahoma" Size="8" Bold="false" Italic="false" />
    <RightToLeft>false</RightToLeft>
    <CanBeInterlinear>false</CanBeInterlinear>
    <IsParsed>false</IsParsed>
    <IsPhonetic>false</IsPhonetic>
    <IsPhonemic>false</IsPhonemic>
    <IsTone>false</IsTone>
    <IsOrtho>false</IsOrtho>
    <IsGloss>false</IsGloss>
    <IsReference>false</IsReference>
    <IsCVPattern>false</IsCVPattern>
    <IsDate>false</IsDate>
    <IsFwField>false</IsFwField>
    <IsDataSource>false</IsDataSource>
    <IsDataSourcePath>false</IsDataSourcePath>
    <IsAudioFile>false</IsAudioFile>
    <IsAudioOffset>false</IsAudioOffset>
    <IsAudioLength>false</IsAudioLength>
    <IsCustom>false</IsCustom>
    <IsNumeric>false</IsNumeric>
    <IsGuid>false</IsGuid>
    <SaFieldName>NoteBookReference</SaFieldName>
    <VisibleInGrid>false</VisibleInGrid>
    <VisibleInRecView>true</VisibleInRecView>
    <DisplayIndexInGrid>11</DisplayIndexInGrid>
    <DisplayIndexInRecView>11</DisplayIndexInRecView>
    <WidthInGrid>100</WidthInGrid>
  </Field>
  <Field Name="Dialect">
    <DisplayText>Dialect</DisplayText>
    <FwWritingSystemType>None</FwWritingSystemType>
    <Font Name="Tahoma" Size="8" Bold="false" Italic="false" />
    <RightToLeft>false</RightToLeft>
    <CanBeInterlinear>false</CanBeInterlinear>
    <IsParsed>false</IsParsed>
    <IsPhonetic>false</IsPhonetic>
    <IsPhonemic>false</IsPhonemic>
    <IsTone>false</IsTone>
    <IsOrtho>false</IsOrtho>
    <IsGloss>false</IsGloss>
    <IsReference>false</IsReference>
    <IsCVPattern>false</IsCVPattern>
    <IsDate>false</IsDate>
    <IsFwField>false</IsFwField>
    <IsDataSource>false</IsDataSource>
    <IsDataSourcePath>false</IsDataSourcePath>
    <IsAudioFile>false</IsAudioFile>
    <IsAudioOffset>false</IsAudioOffset>
    <IsAudioLength>false</IsAudioLength>
    <IsCustom>false</IsCustom>
    <IsNumeric>false</IsNumeric>
    <IsGuid>false</IsGuid>
    <SaFieldName>Dialect</SaFieldName>
    <VisibleInGrid>false</VisibleInGrid>
    <VisibleInRecView>true</VisibleInRecView>
    <DisplayIndexInGrid>12</DisplayIndexInGrid>
    <DisplayIndexInRecView>12</DisplayIndexInRecView>
    <WidthInGrid>100</WidthInGrid>
  </Field>
  <Field Name="EthnologueId">
    <DisplayText>Ethnologue Id</DisplayText>
    <FwWritingSystemType>None</FwWritingSystemType>
    <Font Name="Tahoma" Size="8" Bold="false" Italic="false" />
    <RightToLeft>false</RightToLeft>
    <CanBeInterlinear>false</CanBeInterlinear>
    <IsParsed>false</IsParsed>
    <IsPhonetic>false</IsPhonetic>
    <IsPhonemic>false</IsPhonemic>
    <IsTone>false</IsTone>
    <IsOrtho>false</IsOrtho>
    <IsGloss>false</IsGloss>
    <IsReference>false</IsReference>
    <IsCVPattern>false</IsCVPattern>
    <IsDate>false</IsDate>
    <IsFwField>false</IsFwField>
    <IsDataSource>false</IsDataSource>
    <IsDataSourcePath>false</IsDataSourcePath>
    <IsAudioFile>false</IsAudioFile>
    <IsAudioOffset>false</IsAudioOffset>
    <IsAudioLength>false</IsAudioLength>
    <IsCustom>false</IsCustom>
    <IsNumeric>false</IsNumeric>
    <IsGuid>false</IsGuid>
    <SaFieldName>EthnologueId</SaFieldName>
    <VisibleInGrid>false</VisibleInGrid>
    <VisibleInRecView>true</VisibleInRecView>
    <DisplayIndexInGrid>13</DisplayIndexInGrid>
    <DisplayIndexInRecView>13</DisplayIndexInRecView>
    <WidthInGrid>100</WidthInGrid>
  </Field>
  <Field Name="LanguageName">
    <DisplayText>Language Name</DisplayText>
    <FwWritingSystemType>None</FwWritingSystemType>
    <Font Name="Tahoma" Size="8" Bold="false" Italic="false" />
    <RightToLeft>false</RightToLeft>
    <CanBeInterlinear>false</CanBeInterlinear>
    <IsParsed>false</IsParsed>
    <IsPhonetic>false</IsPhonetic>
    <IsPhonemic>false</IsPhonemic>
    <IsTone>false</IsTone>
    <IsOrtho>false</IsOrtho>
    <IsGloss>false</IsGloss>
    <IsReference>false</IsReference>
    <IsCVPattern>false</IsCVPattern>
    <IsDate>false</IsDate>
    <IsFwField>false</IsFwField>
    <IsDataSource>false</IsDataSource>
    <IsDataSourcePath>false</IsDataSourcePath>
    <IsAudioFile>false</IsAudioFile>
    <IsAudioOffset>false</IsAudioOffset>
    <IsAudioLength>false</IsAudioLength>
    <IsCustom>false</IsCustom>
    <IsNumeric>false</IsNumeric>
    <IsGuid>false</IsGuid>
    <SaFieldName>LanguageName</SaFieldName>
    <VisibleInGrid>false</VisibleInGrid>
    <VisibleInRecView>true</VisibleInRecView>
    <DisplayIndexInGrid>14</DisplayIndexInGrid>
    <DisplayIndexInRecView>14</DisplayIndexInRecView>
    <WidthInGrid>100</WidthInGrid>
  </Field>
  <Field Name="Region">
    <DisplayText>Region</DisplayText>
    <FwWritingSystemType>None</FwWritingSystemType>
    <Font Name="Tahoma" Size="8" Bold="false" Italic="false" />
    <RightToLeft>false</RightToLeft>
    <CanBeInterlinear>false</CanBeInterlinear>
    <IsParsed>false</IsParsed>
    <IsPhonetic>false</IsPhonetic>
    <IsPhonemic>false</IsPhonemic>
    <IsTone>false</IsTone>
    <IsOrtho>false</IsOrtho>
    <IsGloss>false</IsGloss>
    <IsReference>false</IsReference>
    <IsCVPattern>false</IsCVPattern>
    <IsDate>false</IsDate>
    <IsFwField>false</IsFwField>
    <IsDataSource>false</IsDataSource>
    <IsDataSourcePath>false</IsDataSourcePath>
    <IsAudioFile>false</IsAudioFile>
    <IsAudioOffset>false</IsAudioOffset>
    <IsAudioLength>false</IsAudioLength>
    <IsCustom>false</IsCustom>
    <IsNumeric>false</IsNumeric>
    <IsGuid>false</IsGuid>
    <SaFieldName>Region</SaFieldName>
    <VisibleInGrid>false</VisibleInGrid>
    <VisibleInRecView>true</VisibleInRecView>
    <DisplayIndexInGrid>15</DisplayIndexInGrid>
    <DisplayIndexInRecView>15</DisplayIndexInRecView>
    <WidthInGrid>100</WidthInGrid>
  </Field>
  <Field Name="Country">
    <DisplayText>Country</DisplayText>
    <FwWritingSystemType>None</FwWritingSystemType>
    <Font Name="Tahoma" Size="8" Bold="false" Italic="false" />
    <RightToLeft>false</RightToLeft>
    <CanBeInterlinear>false</CanBeInterlinear>
    <IsParsed>false</IsParsed>
    <IsPhonetic>false</IsPhonetic>
    <IsPhonemic>false</IsPhonemic>
    <IsTone>false</IsTone>
    <IsOrtho>false</IsOrtho>
    <IsGloss>false</IsGloss>
    <IsReference>false</IsReference>
    <IsCVPattern>false</IsCVPattern>
    <IsDate>false</IsDate>
    <IsFwField>false</IsFwField>
    <IsDataSource>false</IsDataSource>
    <IsDataSourcePath>false</IsDataSourcePath>
    <IsAudioFile>false</IsAudioFile>
    <IsAudioOffset>false</IsAudioOffset>
    <IsAudioLength>false</IsAudioLength>
    <IsCustom>false</IsCustom>
    <IsNumeric>false</IsNumeric>
    <IsGuid>false</IsGuid>
    <SaFieldName>Country</SaFieldName>
    <VisibleInGrid>false</VisibleInGrid>
    <VisibleInRecView>true</VisibleInRecView>
    <DisplayIndexInGrid>16</DisplayIndexInGrid>
    <DisplayIndexInRecView>16</DisplayIndexInRecView>
    <WidthInGrid>100</WidthInGrid>
  </Field>
  <Field Name="Family">
    <DisplayText>Family</DisplayText>
    <FwWritingSystemType>None</FwWritingSystemType>
    <Font Name="Tahoma" Size="8" Bold="false" Italic="false" />
    <RightToLeft>false</RightToLeft>
    <CanBeInterlinear>false</CanBeInterlinear>
    <IsParsed>false</IsParsed>
    <IsPhonetic>false</IsPhonetic>
    <IsPhonemic>false</IsPhonemic>
    <IsTone>false</IsTone>
    <IsOrtho>false</IsOrtho>
    <IsGloss>false</IsGloss>
    <IsReference>false</IsReference>
    <IsCVPattern>false</IsCVPattern>
    <IsDate>false</IsDate>
    <IsFwField>false</IsFwField>
    <IsDataSource>false</IsDataSource>
    <IsDataSourcePath>false</IsDataSourcePath>
    <IsAudioFile>false</IsAudioFile>
    <IsAudioOffset>false</IsAudioOffset>
    <IsAudioLength>false</IsAudioLength>
    <IsCustom>false</IsCustom>
    <IsNumeric>false</IsNumeric>
    <IsGuid>false</IsGuid>
    <SaFieldName>Family</SaFieldName>
    <VisibleInGrid>false</VisibleInGrid>
    <VisibleInRecView>true</VisibleInRecView>
    <DisplayIndexInGrid>17</DisplayIndexInGrid>
    <DisplayIndexInRecView>17</DisplayIndexInRecView>
    <WidthInGrid>100</WidthInGrid>
  </Field>
  <Field Name="Transcriber">
    <DisplayText>Transcriber</DisplayText>
    <FwWritingSystemType>None</FwWritingSystemType>
    <Font Name="Tahoma" Size="8" Bold="false" Italic="false" />
    <RightToLeft>false</RightToLeft>
    <CanBeInterlinear>false</CanBeInterlinear>
    <IsParsed>false</IsParsed>
    <IsPhonetic>false</IsPhonetic>
    <IsPhonemic>false</IsPhonemic>
    <IsTone>false</IsTone>
    <IsOrtho>false</IsOrtho>
    <IsGloss>false</IsGloss>
    <IsReference>false</IsReference>
    <IsCVPattern>false</IsCVPattern>
    <IsDate>false</IsDate>
    <IsFwField>false</IsFwField>
    <IsDataSource>false</IsDataSource>
    <IsDataSourcePath>false</IsDataSourcePath>
    <IsAudioFile>false</IsAudioFile>
    <IsAudioOffset>false</IsAudioOffset>
    <IsAudioLength>false</IsAudioLength>
    <IsCustom>false</IsCustom>
    <IsNumeric>false</IsNumeric>
    <IsGuid>false</IsGuid>
    <SaFieldName>Transcriber</SaFieldName>
    <VisibleInGrid>false</VisibleInGrid>
    <VisibleInRecView>true</VisibleInRecView>
    <DisplayIndexInGrid>18</DisplayIndexInGrid>
    <DisplayIndexInRecView>18</DisplayIndexInRecView>
    <WidthInGrid>100</WidthInGrid>
  </Field>
  <Field Name="SpeakerName">
    <DisplayText>Speaker</DisplayText>
    <FwWritingSystemType>None</FwWritingSystemType>
    <Font Name="Tahoma" Size="8" Bold="false" Italic="false" />
    <RightToLeft>false</RightToLeft>
    <CanBeInterlinear>false</CanBeInterlinear>
    <IsParsed>false</IsParsed>
    <IsPhonetic>false</IsPhonetic>
    <IsPhonemic>false</IsPhonemic>
    <IsTone>false</IsTone>
    <IsOrtho>false</IsOrtho>
    <IsGloss>false</IsGloss>
    <IsReference>false</IsReference>
    <IsCVPattern>false</IsCVPattern>
    <IsDate>false</IsDate>
    <IsFwField>false</IsFwField>
    <IsDataSource>false</IsDataSource>
    <IsDataSourcePath>false</IsDataSourcePath>
    <IsAudioFile>false</IsAudioFile>
    <IsAudioOffset>false</IsAudioOffset>
    <IsAudioLength>false</IsAudioLength>
    <IsCustom>false</IsCustom>
    <IsNumeric>false</IsNumeric>
    <IsGuid>false</IsGuid>
    <SaFieldName>SpeakerName</SaFieldName>
    <VisibleInGrid>false</VisibleInGrid>
    <VisibleInRecView>true</VisibleInRecView>
    <DisplayIndexInGrid>19</DisplayIndexInGrid>
    <DisplayIndexInRecView>19</DisplayIndexInRecView>
    <WidthInGrid>100</WidthInGrid>
  </Field>
  <Field Name="SpeakerGender">
    <DisplayText>Speaker's Gender</DisplayText>
    <FwWritingSystemType>None</FwWritingSystemType>
    <Font Name="Tahoma" Size="8" Bold="false" Italic="false" />
    <RightToLeft>false</RightToLeft>
    <CanBeInterlinear>false</CanBeInterlinear>
    <IsParsed>false</IsParsed>
    <IsPhonetic>false</IsPhonetic>
    <IsPhonemic>false</IsPhonemic>
    <IsTone>false</IsTone>
    <IsOrtho>false</IsOrtho>
    <IsGloss>false</IsGloss>
    <IsReference>false</IsReference>
    <IsCVPattern>false</IsCVPattern>
    <IsDate>false</IsDate>
    <IsFwField>false</IsFwField>
    <IsDataSource>false</IsDataSource>
    <IsDataSourcePath>false</IsDataSourcePath>
    <IsAudioFile>false</IsAudioFile>
    <IsAudioOffset>false</IsAudioOffset>
    <IsAudioLength>false</IsAudioLength>
    <IsCustom>false</IsCustom>
    <IsNumeric>false</IsNumeric>
    <IsGuid>false</IsGuid>
    <SaFieldName>SpeakerGender</SaFieldName>
    <VisibleInGrid>false</VisibleInGrid>
    <VisibleInRecView>true</VisibleInRecView>
    <DisplayIndexInGrid>20</DisplayIndexInGrid>
    <DisplayIndexInRecView>20</DisplayIndexInRecView>
    <WidthInGrid>100</WidthInGrid>
  </Field>
  <Field Name="Comment">
    <DisplayText>Comment</DisplayText>
    <FwWritingSystemType>None</FwWritingSystemType>
    <Font Name="Tahoma" Size="8" Bold="false" Italic="false" />
    <RightToLeft>false</RightToLeft>
    <CanBeInterlinear>false</CanBeInterlinear>
    <IsParsed>false</IsParsed>
    <IsPhonetic>false</IsPhonetic>
    <IsPhonemic>false</IsPhonemic>
    <IsTone>false</IsTone>
    <IsOrtho>false</IsOrtho>
    <IsGloss>false</IsGloss>
    <IsReference>false</IsReference>
    <IsCVPattern>false</IsCVPattern>
    <IsDate>false</IsDate>
    <IsFwField>false</IsFwField>
    <IsDataSource>false</IsDataSource>
    <IsDataSourcePath>false</IsDataSourcePath>
    <IsAudioFile>false</IsAudioFile>
    <IsAudioOffset>false</IsAudioOffset>
    <IsAudioLength>false</IsAudioLength>
    <IsCustom>false</IsCustom>
    <IsNumeric>false</IsNumeric>
    <IsGuid>false</IsGuid>
    <VisibleInGrid>false</VisibleInGrid>
    <VisibleInRecView>true</VisibleInRecView>
    <DisplayIndexInGrid>21</DisplayIndexInGrid>
    <DisplayIndexInRecView>21</DisplayIndexInRecView>
    <WidthInGrid>100</WidthInGrid>
  </Field>
  <Field Name="Date">
    <DisplayText>Date</DisplayText>
    <FwWritingSystemType>None</FwWritingSystemType>
    <Font Name="Tahoma" Size="8" Bold="false" Italic="false" />
    <RightToLeft>false</RightToLeft>
    <CanBeInterlinear>false</CanBeInterlinear>
    <IsParsed>false</IsParsed>
    <IsPhonetic>false</IsPhonetic>
    <IsPhonemic>false</IsPhonemic>
    <IsTone>false</IsTone>
    <IsOrtho>false</IsOrtho>
    <IsGloss>false</IsGloss>
    <IsReference>false</IsReference>
    <IsCVPattern>false</IsCVPattern>
    <IsDate>true</IsDate>
    <IsFwField>false</IsFwField>
    <IsDataSource>false</IsDataSource>
    <IsDataSourcePath>false</IsDataSourcePath>
    <IsAudioFile>false</IsAudioFile>
    <IsAudioOffset>false</IsAudioOffset>
    <IsAudioLength>false</IsAudioLength>
    <IsCustom>false</IsCustom>
    <IsNumeric>false</IsNumeric>
    <IsGuid>false</IsGuid>
    <VisibleInGrid>false</VisibleInGrid>
    <VisibleInRecView>true</VisibleInRecView>
    <DisplayIndexInGrid>22</DisplayIndexInGrid>
    <DisplayIndexInRecView>22</DisplayIndexInRecView>
    <WidthInGrid>100</WidthInGrid>
  </Field>
  <Field Name="DataSource">
    <DisplayText>Data Source</DisplayText>
    <FwWritingSystemType>None</FwWritingSystemType>
    <Font Name="Tahoma" Size="8" Bold="false" Italic="false" />
    <RightToLeft>false</RightToLeft>
    <CanBeInterlinear>false</CanBeInterlinear>
    <IsParsed>false</IsParsed>
    <IsPhonetic>false</IsPhonetic>
    <IsPhonemic>false</IsPhonemic>
    <IsTone>false</IsTone>
    <IsOrtho>false</IsOrtho>
    <IsGloss>false</IsGloss>
    <IsReference>false</IsReference>
    <IsCVPattern>false</IsCVPattern>
    <IsDate>false</IsDate>
    <IsFwField>false</IsFwField>
    <IsDataSource>true</IsDataSource>
    <IsDataSourcePath>false</IsDataSourcePath>
    <IsAudioFile>false</IsAudioFile>
    <IsAudioOffset>false</IsAudioOffset>
    <IsAudioLength>false</IsAudioLength>
    <IsCustom>false</IsCustom>
    <IsNumeric>false</IsNumeric>
    <IsGuid>false</IsGuid>
    <VisibleInGrid>false</VisibleInGrid>
    <VisibleInRecView>false</VisibleInRecView>
    <DisplayIndexInGrid>23</DisplayIndexInGrid>
    <DisplayIndexInRecView>23</DisplayIndexInRecView>
    <WidthInGrid>100</WidthInGrid>
  </Field>
  <Field Name="DataSourcePath">
    <DisplayText>Data Source Path</DisplayText>
    <FwWritingSystemType>None</FwWritingSystemType>
    <Font Name="Tahoma" Size="8" Bold="false" Italic="false" />
    <RightToLeft>false</RightToLeft>
    <CanBeInterlinear>false</CanBeInterlinear>
    <IsParsed>false</IsParsed>
    <IsPhonetic>false</IsPhonetic>
    <IsPhonemic>false</IsPhonemic>
    <IsTone>false</IsTone>
    <IsOrtho>false</IsOrtho>
    <IsGloss>false</IsGloss>
    <IsReference>false</IsReference>
    <IsCVPattern>false</IsCVPattern>
    <IsDate>false</IsDate>
    <IsFwField>false</IsFwField>
    <IsDataSource>false</IsDataSource>
    <IsDataSourcePath>true</IsDataSourcePath>
    <IsAudioFile>false</IsAudioFile>
    <IsAudioOffset>false</IsAudioOffset>
    <IsAudioLength>false</IsAudioLength>
    <IsCustom>false</IsCustom>
    <IsNumeric>false</IsNumeric>
    <IsGuid>false</IsGuid>
    <VisibleInGrid>false</VisibleInGrid>
    <VisibleInRecView>false</VisibleInRecView>
    <DisplayIndexInGrid>24</DisplayIndexInGrid>
    <DisplayIndexInRecView>24</DisplayIndexInRecView>
    <WidthInGrid>100</WidthInGrid>
  </Field>
  <Field Name="AudioFile">
    <DisplayText>Audio File</DisplayText>
    <FwWritingSystemType>None</FwWritingSystemType>
    <Font Name="Tahoma" Size="8" Bold="false" Italic="false" />
    <RightToLeft>false</RightToLeft>
    <CanBeInterlinear>false</CanBeInterlinear>
    <IsParsed>false</IsParsed>
    <IsPhonetic>false</IsPhonetic>
    <IsPhonemic>false</IsPhonemic>
    <IsTone>false</IsTone>
    <IsOrtho>false</IsOrtho>
    <IsGloss>false</IsGloss>
    <IsReference>false</IsReference>
    <IsCVPattern>false</IsCVPattern>
    <IsDate>false</IsDate>
    <IsFwField>false</IsFwField>
    <IsDataSource>false</IsDataSource>
    <IsDataSourcePath>false</IsDataSourcePath>
    <IsAudioFile>true</IsAudioFile>
    <IsAudioOffset>false</IsAudioOffset>
    <IsAudioLength>false</IsAudioLength>
    <IsCustom>false</IsCustom>
    <IsNumeric>false</IsNumeric>
    <IsGuid>false</IsGuid>
    <VisibleInGrid>false</VisibleInGrid>
    <VisibleInRecView>true</VisibleInRecView>
    <DisplayIndexInGrid>25</DisplayIndexInGrid>
    <DisplayIndexInRecView>25</DisplayIndexInRecView>
    <WidthInGrid>100</WidthInGrid>
  </Field>
  <Field Name="AudioOffset">
    <DisplayText>Audio File Offset</DisplayText>
    <FwWritingSystemType>None</FwWritingSystemType>
    <RightToLeft>false</RightToLeft>
    <CanBeInterlinear>false</CanBeInterlinear>
    <IsParsed>true</IsParsed>
    <IsPhonetic>false</IsPhonetic>
    <IsPhonemic>false</IsPhonemic>
    <IsTone>false</IsTone>
    <IsOrtho>false</IsOrtho>
    <IsGloss>false</IsGloss>
    <IsReference>false</IsReference>
    <IsCVPattern>false</IsCVPattern>
    <IsDate>false</IsDate>
    <IsFwField>false</IsFwField>
    <IsDataSource>false</IsDataSource>
    <IsDataSourcePath>false</IsDataSourcePath>
    <IsAudioFile>false</IsAudioFile>
    <IsAudioOffset>true</IsAudioOffset>
    <IsAudioLength>false</IsAudioLength>
    <IsCustom>false</IsCustom>
    <IsNumeric>false</IsNumeric>
    <IsGuid>false</IsGuid>
    <VisibleInGrid>false</VisibleInGrid>
    <VisibleInRecView>false</VisibleInRecView>
    <DisplayIndexInGrid>-1</DisplayIndexInGrid>
    <DisplayIndexInRecView>-1</DisplayIndexInRecView>
    <WidthInGrid>-1</WidthInGrid>
  </Field>
  <Field Name="AudioLength">
    <DisplayText>Audio File Length</DisplayText>
    <FwWritingSystemType>None</FwWritingSystemType>
    <RightToLeft>false</RightToLeft>
    <CanBeInterlinear>false</CanBeInterlinear>
    <IsParsed>true</IsParsed>
    <IsPhonetic>false</IsPhonetic>
    <IsPhonemic>false</IsPhonemic>
    <IsTone>false</IsTone>
    <IsOrtho>false</IsOrtho>
    <IsGloss>false</IsGloss>
    <IsReference>false</IsReference>
    <IsCVPattern>false</IsCVPattern>
    <IsDate>false</IsDate>
    <IsFwField>false</IsFwField>
    <IsDataSource>false</IsDataSource>
    <IsDataSourcePath>false</IsDataSourcePath>
    <IsAudioFile>false</IsAudioFile>
    <IsAudioOffset>false</IsAudioOffset>
    <IsAudioLength>true</IsAudioLength>
    <IsCustom>false</IsCustom>
    <IsNumeric>false</IsNumeric>
    <IsGuid>false</IsGuid>
    <VisibleInGrid>false</VisibleInGrid>
    <VisibleInRecView>false</VisibleInRecView>
    <DisplayIndexInGrid>-1</DisplayIndexInGrid>
    <DisplayIndexInRecView>-1</DisplayIndexInRecView>
    <WidthInGrid>-1</WidthInGrid>
  </Field>
  <Field Name="Guid">
    <DisplayText>GUID</DisplayText>
    <FwWritingSystemType>None</FwWritingSystemType>
    <RightToLeft>false</RightToLeft>
    <CanBeInterlinear>false</CanBeInterlinear>
    <IsParsed>false</IsParsed>
    <IsPhonetic>false</IsPhonetic>
    <IsPhonemic>false</IsPhonemic>
    <IsTone>false</IsTone>
    <IsOrtho>false</IsOrtho>
    <IsGloss>false</IsGloss>
    <IsReference>false</IsReference>
    <IsCVPattern>false</IsCVPattern>
    <IsDate>false</IsDate>
    <IsFwField>false</IsFwField>
    <IsDataSource>false</IsDataSource>
    <IsDataSourcePath>false</IsDataSourcePath>
    <IsAudioFile>false</IsAudioFile>
    <IsAudioOffset>false</IsAudioOffset>
    <IsAudioLength>false</IsAudioLength>
    <IsCustom>false</IsCustom>
    <IsNumeric>false</IsNumeric>
    <IsGuid>true</IsGuid>
    <VisibleInGrid>false</VisibleInGrid>
    <VisibleInRecView>false</VisibleInRecView>
    <DisplayIndexInGrid>-1</DisplayIndexInGrid>
    <DisplayIndexInRecView>-1</DisplayIndexInRecView>
    <WidthInGrid>-1</WidthInGrid>
  </Field>
  <Field Name="CustomField0">
    <DisplayText>PluralForm</DisplayText>
    <FwWritingSystemType>None</FwWritingSystemType>
    <Font Name="Tahoma" Size="8" Bold="false" Italic="false" />
    <RightToLeft>false</RightToLeft>
    <CanBeInterlinear>false</CanBeInterlinear>
    <IsParsed>false</IsParsed>
    <IsPhonetic>false</IsPhonetic>
    <IsPhonemic>false</IsPhonemic>
    <IsTone>false</IsTone>
    <IsOrtho>false</IsOrtho>
    <IsGloss>false</IsGloss>
    <IsReference>false</IsReference>
    <IsCVPattern>false</IsCVPattern>
    <IsDate>false</IsDate>
    <IsFwField>false</IsFwField>
    <IsDataSource>false</IsDataSource>
    <IsDataSourcePath>false</IsDataSourcePath>
    <IsAudioFile>false</IsAudioFile>
    <IsAudioOffset>false</IsAudioOffset>
    <IsAudioLength>false</IsAudioLength>
    <IsCustom>true</IsCustom>
    <IsNumeric>false</IsNumeric>
    <IsGuid>false</IsGuid>
    <VisibleInGrid>true</VisibleInGrid>
    <VisibleInRecView>true</VisibleInRecView>
    <DisplayIndexInGrid>26</DisplayIndexInGrid>
    <DisplayIndexInRecView>26</DisplayIndexInRecView>
    <WidthInGrid>100</WidthInGrid>
  </Field>
</PaFields>