<?xml version="1.0" encoding="utf-8"?>
<PhoneChart RowHeaderWidth="81" ColumnHeaderHeight="32" RowSplitPosition="71" ColumnSplitPosition="22" ShowUncertainPhones="false">
  <ColHeadings>
    <Heading text="Bilabial" SubHeadingsVisible="false" Group="0">
      <SubHeading />
      <SubHeading />
    </Heading>
    <Heading text="Labiodental" SubHeadingsVisible="false" Group="0">
      <SubHeading />
      <SubHeading />
    </Heading>
    <Heading text="Dental" SubHeadingsVisible="false" Group="0">
      <SubHeading />
      <SubHeading />
    </Heading>
    <Heading text="Alveolar" SubHeadingsVisible="false" Group="0">
      <SubHeading />
      <SubHeading />
    </Heading>
    <Heading text="Postalveolar" SubHeadingsVisible="false" Group="0">
      <SubHeading />
      <SubHeading />
    </Heading>
    <Heading text="Retroflex" SubHeadingsVisible="false" Group="0">
      <SubHeading />
      <SubHeading />
    </Heading>
    <Heading text="Alv-palatal" SubHeadingsVisible="false" Group="0">
      <SubHeading />
      <SubHeading />
    </Heading>
    <Heading text="Palatal" SubHeadingsVisible="false" Group="0">
      <SubHeading />
      <SubHeading />
    </Heading>
    <Heading text="Velar" SubHeadingsVisible="false" Group="0">
      <SubHeading />
      <SubHeading />
    </Heading>
    <Heading text="Uvular" SubHeadingsVisible="false" Group="0">
      <SubHeading />
      <SubHeading />
    </Heading>
    <Heading text="Pharyngeal" SubHeadingsVisible="false" Group="0">
      <SubHeading />
      <SubHeading />
    </Heading>
    <Heading text="Glottal" SubHeadingsVisible="false" Group="0">
      <SubHeading />
      <SubHeading />
    </Heading>
    <Heading text="Epiglottal" SubHeadingsVisible="false" Group="0">
      <SubHeading />
      <SubHeading />
    </Heading>
  </ColHeadings>
  <RowHeadings>
    <Heading text="Plosive" SubHeadingsVisible="false" Group="0">
      <SubHeading />
      <SubHeading />
      <SubHeading />
    </Heading>
    <Heading text="Nasal" SubHeadingsVisible="false" Group="1">
      <SubHeading />
    </Heading>
    <Heading text="Trill" SubHeadingsVisible="false" Group="2">
      <SubHeading />
    </Heading>
    <Heading text="Tap or Flap" SubHeadingsVisible="false" Group="3">
      <SubHeading />
    </Heading>
    <Heading text="Fricative" SubHeadingsVisible="false" Group="4">
      <SubHeading />
    </Heading>
    <Heading text="Lateral fricative" SubHeadingsVisible="false" Group="5">
      <SubHeading />
    </Heading>
    <Heading text="Approximant" SubHeadingsVisible="false" Group="6">
      <SubHeading />
      <SubHeading />
    </Heading>
    <Heading text="Lateral approximant" SubHeadingsVisible="false" Group="7">
      <SubHeading />
    </Heading>
    <Heading text="Implosives" SubHeadingsVisible="false" Group="8">
      <SubHeading />
    </Heading>
    <Heading text="Clicks" SubHeadingsVisible="false" Group="9">
      <SubHeading />
    </Heading>
    <Heading text="Affricates" SubHeadingsVisible="false" Group="11">
      <SubHeading />
    </Heading>
    <Heading text="Other" SubHeadingsVisible="false" Group="10">
      <SubHeading />
      <SubHeading />
    </Heading>
  </RowHeadings>
  <Phones>
    <Phone text="p" Visible="true" Row="0" Column="0" Group="0">
      <SiblingUncertainties />
    </Phone>
    <Phone text="kp" Visible="true" Row="1" Column="0" Group="0">
      <SiblingUncertainties />
    </Phone>
    <Phone text="b" Visible="true" Row="0" Column="1" Group="0">
      <SiblingUncertainties />
    </Phone>
    <Phone text="gb" Visible="true" Row="1" Column="1" Group="0">
      <SiblingUncertainties />
    </Phone>
    <Phone text="mb" Visible="true" Row="2" Column="1" Group="0">
      <SiblingUncertainties />
    </Phone>
    <Phone text="m" Visible="true" Row="3" Column="1" Group="1">
      <SiblingUncertainties />
    </Phone>
    <Phone text="f" Visible="true" Row="6" Column="2" Group="4">
      <SiblingUncertainties />
    </Phone>
    <Phone text="ɗ" Visible="true" Row="11" Column="5" Group="8">
      <SiblingUncertainties />
    </Phone>
    <Phone text="t" Visible="true" Row="0" Column="6" Group="0">
      <SiblingUncertainties />
    </Phone>
    <Phone text="tʰ" Visible="true" Row="1" Column="6" Group="0">
      <SiblingUncertainties />
    </Phone>
    <Phone text="s" Visible="true" Row="6" Column="6" Group="4">
      <SiblingUncertainties />
    </Phone>
    <Phone text="d" Visible="true" Row="0" Column="7" Group="0">
      <SiblingUncertainties />
    </Phone>
    <Phone text="d̪" Visible="true" Row="1" Column="7" Group="0">
      <SiblingUncertainties />
    </Phone>
    <Phone text="nd" Visible="true" Row="2" Column="7" Group="0">
      <SiblingUncertainties />
    </Phone>
    <Phone text="n" Visible="true" Row="3" Column="7" Group="1">
      <SiblingUncertainties />
    </Phone>
    <Phone text="l" Visible="true" Row="10" Column="7" Group="7">
      <SiblingUncertainties />
    </Phone>
    <Phone text="ʃ" Visible="true" Row="6" Column="8" Group="4">
      <SiblingUncertainties />
    </Phone>
    <Phone text="j" Visible="true" Row="8" Column="15" Group="6">
      <SiblingUncertainties />
    </Phone>
    <Phone text="j̃" Visible="true" Row="9" Column="15" Group="6">
      <SiblingUncertainties />
    </Phone>
    <Phone text="k" Visible="true" Row="0" Column="16" Group="0">
      <SiblingUncertainties />
    </Phone>
    <Phone text="g" Visible="true" Row="0" Column="17" Group="0">
      <SiblingUncertainties />
    </Phone>
    <Phone text="ŋg" Visible="true" Row="2" Column="17" Group="0">
      <SiblingUncertainties />
    </Phone>
    <Phone text="ŋ" Visible="true" Row="3" Column="17" Group="1">
      <SiblingUncertainties />
    </Phone>
    <Phone text="w" Visible="true" Row="14" Column="17" Group="10">
      <SiblingUncertainties />
    </Phone>
    <Phone text="w̃" Visible="true" Row="15" Column="17" Group="10">
      <SiblingUncertainties />
    </Phone>
    <Phone text="ʔ" Visible="true" Row="0" Column="22" Group="0">
      <SiblingUncertainties />
    </Phone>
  </Phones>
</PhoneChart>