<?xml version="1.0" encoding="utf-8"?>
<ArrayOfXYChart>
  <XYChart Name="Word initial and final">
    <SearchItems>
      <string>[[C][Voiced]]</string>
      <string>[V]</string>
      <string>[Plosive]</string>
      <string>[Nasal]</string>
      <string>{[Trill],[Flap]}</string>
      <string>[Fricative]</string>
      <string>[Approximant]</string>
      <string>[Close]</string>
      <string>[Mid]</string>
      <string>[Open]</string>
    </SearchItems>
    <SearchQueries>
      <SearchQuery version="2" Pattern="#_*">
        <IsPatternRegExpression>false</IsPatternRegExpression>
        <ShowAllOccurrences>true</ShowAllOccurrences>
        <IncludeAllUncertainPossibilities>false</IncludeAllUncertainPossibilities>
        <IgnoreDiacritics>false</IgnoreDiacritics>
        <IgnoredStressChars>',.,|,ˈ,ˌ,‖,‿,</IgnoredStressChars>
        <IgnoredToneChars>˥˧,˧˩,˦˥˦,˩˨,˦˥,˥˩,˩˥,²,³,¹,˥,˦,˧,˨,˩,̀,́,̂,̄,̋,̌,̏,᷄,᷅,᷈,⁴,⁵,⁶,⁷,⁸,⁹,↑,↓,↗,↘,</IgnoredToneChars>
        <IgnoredLengthChars>ː,ˑ,̆,</IgnoredLengthChars>
        <CompleteIgnoredList>
          <string>˦˥˦</string>
          <string>˥˧</string>
          <string>˧˩</string>
          <string>˩˨</string>
          <string>˦˥</string>
          <string>˥˩</string>
          <string>˩˥</string>
          <string>²</string>
          <string>³</string>
          <string>¹</string>
          <string>˥</string>
          <string>˦</string>
          <string>˧</string>
          <string>˨</string>
          <string>˩</string>
          <string>̀</string>
          <string>́</string>
          <string>̂</string>
          <string>̄</string>
          <string>̋</string>
          <string>̌</string>
          <string>̏</string>
          <string>᷄</string>
          <string>᷅</string>
          <string>᷈</string>
          <string>⁴</string>
          <string>⁵</string>
          <string>⁶</string>
          <string>⁷</string>
          <string>⁸</string>
          <string>⁹</string>
          <string>↑</string>
          <string>↓</string>
          <string>↗</string>
          <string>↘</string>
          <string>'</string>
          <string>.</string>
          <string>|</string>
          <string>ˈ</string>
          <string>ˌ</string>
          <string>‖</string>
          <string>‿</string>
          <string>ː</string>
          <string>ˑ</string>
          <string>̆</string>
        </CompleteIgnoredList>
      </SearchQuery>
      <SearchQuery version="2" Pattern="*_#">
        <IsPatternRegExpression>false</IsPatternRegExpression>
        <ShowAllOccurrences>true</ShowAllOccurrences>
        <IncludeAllUncertainPossibilities>false</IncludeAllUncertainPossibilities>
        <IgnoreDiacritics>false</IgnoreDiacritics>
        <IgnoredStressChars>',.,|,ˈ,ˌ,‖,‿,</IgnoredStressChars>
        <IgnoredToneChars>˥˧,˧˩,˦˥˦,˩˨,˦˥,˥˩,˩˥,²,³,¹,˥,˦,˧,˨,˩,̀,́,̂,̄,̋,̌,̏,᷄,᷅,᷈,⁴,⁵,⁶,⁷,⁸,⁹,↑,↓,↗,↘,</IgnoredToneChars>
        <IgnoredLengthChars>ː,ˑ,̆,</IgnoredLengthChars>
        <CompleteIgnoredList>
          <string>˦˥˦</string>
          <string>˥˧</string>
          <string>˧˩</string>
          <string>˩˨</string>
          <string>˦˥</string>
          <string>˥˩</string>
          <string>˩˥</string>
          <string>²</string>
          <string>³</string>
          <string>¹</string>
          <string>˥</string>
          <string>˦</string>
          <string>˧</string>
          <string>˨</string>
          <string>˩</string>
          <string>̀</string>
          <string>́</string>
          <string>̂</string>
          <string>̄</string>
          <string>̋</string>
          <string>̌</string>
          <string>̏</string>
          <string>᷄</string>
          <string>᷅</string>
          <string>᷈</string>
          <string>⁴</string>
          <string>⁵</string>
          <string>⁶</string>
          <string>⁷</string>
          <string>⁸</string>
          <string>⁹</string>
          <string>↑</string>
          <string>↓</string>
          <string>↗</string>
          <string>↘</string>
          <string>'</string>
          <string>.</string>
          <string>|</string>
          <string>ˈ</string>
          <string>ˌ</string>
          <string>‖</string>
          <string>‿</string>
          <string>ː</string>
          <string>ˑ</string>
          <string>̆</string>
        </CompleteIgnoredList>
      </SearchQuery>
    </SearchQueries>
    <ColumnWidths>
      <int>119</int>
      <int>100</int>
      <int>100</int>
      <int>100</int>
    </ColumnWidths>
  </XYChart>
  <XYChart Name="Consonants">
    <SearchItems>
      <string>[[C][Voiceless]]</string>
      <string>[[C][Voiced]]</string>
      <string>[[Plosive][Voiceless]]</string>
      <string>[[Plosive][Voiced]]</string>
      <string>[[C][Nasal]]</string>
      <string>{[Trill],[Flap]}</string>
      <string>[[Fricative][Voiceless]]</string>
      <string>[[Fricative][Voiced]]</string>
      <string>[Approximant]</string>
      <string>[+Strident]</string>
      <string>[[C][◌ʰ]]</string>
      <string>ʔ</string>
      <string>n</string>
    </SearchItems>
    <SearchQueries>
      <SearchQuery version="2" Pattern="#_*">
        <IsPatternRegExpression>false</IsPatternRegExpression>
        <ShowAllOccurrences>true</ShowAllOccurrences>
        <IncludeAllUncertainPossibilities>false</IncludeAllUncertainPossibilities>
        <IgnoreDiacritics>false</IgnoreDiacritics>
        <IgnoredStressChars>',.,|,ˈ,ˌ,‖,‿,</IgnoredStressChars>
        <IgnoredToneChars>˥˧,˧˩,˦˥˦,˩˨,˦˥,˥˩,˩˥,²,³,¹,˥,˦,˧,˨,˩,̀,́,̂,̄,̋,̌,̏,᷄,᷅,᷈,⁴,⁵,⁶,⁷,⁸,⁹,↑,↓,↗,↘,</IgnoredToneChars>
        <IgnoredLengthChars>ː,ˑ,̆,</IgnoredLengthChars>
        <CompleteIgnoredList>
          <string>˦˥˦</string>
          <string>˥˧</string>
          <string>˧˩</string>
          <string>˩˨</string>
          <string>˦˥</string>
          <string>˥˩</string>
          <string>˩˥</string>
          <string>²</string>
          <string>³</string>
          <string>¹</string>
          <string>˥</string>
          <string>˦</string>
          <string>˧</string>
          <string>˨</string>
          <string>˩</string>
          <string>̀</string>
          <string>́</string>
          <string>̂</string>
          <string>̄</string>
          <string>̋</string>
          <string>̌</string>
          <string>̏</string>
          <string>᷄</string>
          <string>᷅</string>
          <string>᷈</string>
          <string>⁴</string>
          <string>⁵</string>
          <string>⁶</string>
          <string>⁷</string>
          <string>⁸</string>
          <string>⁹</string>
          <string>↑</string>
          <string>↓</string>
          <string>↗</string>
          <string>↘</string>
          <string>'</string>
          <string>.</string>
          <string>|</string>
          <string>ˈ</string>
          <string>ˌ</string>
          <string>‖</string>
          <string>‿</string>
          <string>ː</string>
          <string>ˑ</string>
          <string>̆</string>
        </CompleteIgnoredList>
      </SearchQuery>
      <SearchQuery version="2" Pattern="*_#">
        <IsPatternRegExpression>false</IsPatternRegExpression>
        <ShowAllOccurrences>true</ShowAllOccurrences>
        <IncludeAllUncertainPossibilities>false</IncludeAllUncertainPossibilities>
        <IgnoreDiacritics>false</IgnoreDiacritics>
        <IgnoredStressChars>',.,|,ˈ,ˌ,‖,‿,</IgnoredStressChars>
        <IgnoredToneChars>˥˧,˧˩,˦˥˦,˩˨,˦˥,˥˩,˩˥,²,³,¹,˥,˦,˧,˨,˩,̀,́,̂,̄,̋,̌,̏,᷄,᷅,᷈,⁴,⁵,⁶,⁷,⁸,⁹,↑,↓,↗,↘,</IgnoredToneChars>
        <IgnoredLengthChars>ː,ˑ,̆,</IgnoredLengthChars>
        <CompleteIgnoredList>
          <string>˦˥˦</string>
          <string>˥˧</string>
          <string>˧˩</string>
          <string>˩˨</string>
          <string>˦˥</string>
          <string>˥˩</string>
          <string>˩˥</string>
          <string>²</string>
          <string>³</string>
          <string>¹</string>
          <string>˥</string>
          <string>˦</string>
          <string>˧</string>
          <string>˨</string>
          <string>˩</string>
          <string>̀</string>
          <string>́</string>
          <string>̂</string>
          <string>̄</string>
          <string>̋</string>
          <string>̌</string>
          <string>̏</string>
          <string>᷄</string>
          <string>᷅</string>
          <string>᷈</string>
          <string>⁴</string>
          <string>⁵</string>
          <string>⁶</string>
          <string>⁷</string>
          <string>⁸</string>
          <string>⁹</string>
          <string>↑</string>
          <string>↓</string>
          <string>↗</string>
          <string>↘</string>
          <string>'</string>
          <string>.</string>
          <string>|</string>
          <string>ˈ</string>
          <string>ˌ</string>
          <string>‖</string>
          <string>‿</string>
          <string>ː</string>
          <string>ˑ</string>
          <string>̆</string>
        </CompleteIgnoredList>
      </SearchQuery>
      <SearchQuery version="2" Pattern="*_[V]">
        <IsPatternRegExpression>false</IsPatternRegExpression>
        <ShowAllOccurrences>true</ShowAllOccurrences>
        <IncludeAllUncertainPossibilities>false</IncludeAllUncertainPossibilities>
        <IgnoreDiacritics>false</IgnoreDiacritics>
        <IgnoredStressChars />
        <IgnoredToneChars>˥˧,˧˩,˦˥˦,˩˨,˦˥,˥˩,˩˥,̋,́,̄,̀,̏,̌,̂,᷄,᷅,᷈,¹,²,³,⁴,⁵,⁶,⁷,⁸,⁹,˥,˦,˧,˨,˩,↓,↑,↗,↘,</IgnoredToneChars>
        <IgnoredLengthChars>ː,ˑ,̆,</IgnoredLengthChars>
        <CompleteIgnoredList>
          <string>˦˥˦</string>
          <string>˥˧</string>
          <string>˧˩</string>
          <string>˩˨</string>
          <string>˦˥</string>
          <string>˥˩</string>
          <string>˩˥</string>
          <string>̋</string>
          <string>́</string>
          <string>̄</string>
          <string>̀</string>
          <string>̏</string>
          <string>̌</string>
          <string>̂</string>
          <string>᷄</string>
          <string>᷅</string>
          <string>᷈</string>
          <string>¹</string>
          <string>²</string>
          <string>³</string>
          <string>⁴</string>
          <string>⁵</string>
          <string>⁶</string>
          <string>⁷</string>
          <string>⁸</string>
          <string>⁹</string>
          <string>˥</string>
          <string>˦</string>
          <string>˧</string>
          <string>˨</string>
          <string>˩</string>
          <string>↓</string>
          <string>↑</string>
          <string>↗</string>
          <string>↘</string>
          <string>ː</string>
          <string>ˑ</string>
          <string>̆</string>
        </CompleteIgnoredList>
      </SearchQuery>
      <SearchQuery version="2" Pattern="[V]_*">
        <IsPatternRegExpression>false</IsPatternRegExpression>
        <ShowAllOccurrences>true</ShowAllOccurrences>
        <IncludeAllUncertainPossibilities>false</IncludeAllUncertainPossibilities>
        <IgnoreDiacritics>false</IgnoreDiacritics>
        <IgnoredStressChars />
        <IgnoredToneChars>˥˧,˧˩,˦˥˦,˩˨,˦˥,˥˩,˩˥,̋,́,̄,̀,̏,̌,̂,᷄,᷅,᷈,¹,²,³,⁴,⁵,⁶,⁷,⁸,⁹,˥,˦,˧,˨,˩,↓,↑,↗,↘,</IgnoredToneChars>
        <IgnoredLengthChars>ː,ˑ,̆,</IgnoredLengthChars>
        <CompleteIgnoredList>
          <string>˦˥˦</string>
          <string>˥˧</string>
          <string>˧˩</string>
          <string>˩˨</string>
          <string>˦˥</string>
          <string>˥˩</string>
          <string>˩˥</string>
          <string>̋</string>
          <string>́</string>
          <string>̄</string>
          <string>̀</string>
          <string>̏</string>
          <string>̌</string>
          <string>̂</string>
          <string>᷄</string>
          <string>᷅</string>
          <string>᷈</string>
          <string>¹</string>
          <string>²</string>
          <string>³</string>
          <string>⁴</string>
          <string>⁵</string>
          <string>⁶</string>
          <string>⁷</string>
          <string>⁸</string>
          <string>⁹</string>
          <string>˥</string>
          <string>˦</string>
          <string>˧</string>
          <string>˨</string>
          <string>˩</string>
          <string>↓</string>
          <string>↑</string>
          <string>↗</string>
          <string>↘</string>
          <string>ː</string>
          <string>ˑ</string>
          <string>̆</string>
        </CompleteIgnoredList>
      </SearchQuery>
      <SearchQuery version="2" Pattern="[V]_[V]">
        <IsPatternRegExpression>false</IsPatternRegExpression>
        <ShowAllOccurrences>true</ShowAllOccurrences>
        <IncludeAllUncertainPossibilities>false</IncludeAllUncertainPossibilities>
        <IgnoreDiacritics>false</IgnoreDiacritics>
        <IgnoredStressChars />
        <IgnoredToneChars>˥˧,˧˩,˦˥˦,˩˨,˦˥,˥˩,˩˥,̋,́,̄,̀,̏,̌,̂,᷄,᷅,᷈,¹,²,³,⁴,⁵,⁶,⁷,⁸,⁹,˥,˦,˧,˨,˩,↓,↑,↗,↘,</IgnoredToneChars>
        <IgnoredLengthChars>ː,ˑ,̆,</IgnoredLengthChars>
        <CompleteIgnoredList>
          <string>˦˥˦</string>
          <string>˥˧</string>
          <string>˧˩</string>
          <string>˩˨</string>
          <string>˦˥</string>
          <string>˥˩</string>
          <string>˩˥</string>
          <string>̋</string>
          <string>́</string>
          <string>̄</string>
          <string>̀</string>
          <string>̏</string>
          <string>̌</string>
          <string>̂</string>
          <string>᷄</string>
          <string>᷅</string>
          <string>᷈</string>
          <string>¹</string>
          <string>²</string>
          <string>³</string>
          <string>⁴</string>
          <string>⁵</string>
          <string>⁶</string>
          <string>⁷</string>
          <string>⁸</string>
          <string>⁹</string>
          <string>˥</string>
          <string>˦</string>
          <string>˧</string>
          <string>˨</string>
          <string>˩</string>
          <string>↓</string>
          <string>↑</string>
          <string>↗</string>
          <string>↘</string>
          <string>ː</string>
          <string>ˑ</string>
          <string>̆</string>
        </CompleteIgnoredList>
      </SearchQuery>
      <SearchQuery version="2" Pattern="*_[C]">
        <IsPatternRegExpression>false</IsPatternRegExpression>
        <ShowAllOccurrences>true</ShowAllOccurrences>
        <IncludeAllUncertainPossibilities>false</IncludeAllUncertainPossibilities>
        <IgnoreDiacritics>false</IgnoreDiacritics>
        <IgnoredStressChars />
        <IgnoredToneChars>˥˧,˧˩,˦˥˦,˩˨,˦˥,˥˩,˩˥,̋,́,̄,̀,̏,̌,̂,᷄,᷅,᷈,¹,²,³,⁴,⁵,⁶,⁷,⁸,⁹,˥,˦,˧,˨,˩,↓,↑,↗,↘,</IgnoredToneChars>
        <IgnoredLengthChars>ː,ˑ,̆,</IgnoredLengthChars>
        <CompleteIgnoredList>
          <string>˦˥˦</string>
          <string>˥˧</string>
          <string>˧˩</string>
          <string>˩˨</string>
          <string>˦˥</string>
          <string>˥˩</string>
          <string>˩˥</string>
          <string>̋</string>
          <string>́</string>
          <string>̄</string>
          <string>̀</string>
          <string>̏</string>
          <string>̌</string>
          <string>̂</string>
          <string>᷄</string>
          <string>᷅</string>
          <string>᷈</string>
          <string>¹</string>
          <string>²</string>
          <string>³</string>
          <string>⁴</string>
          <string>⁵</string>
          <string>⁶</string>
          <string>⁷</string>
          <string>⁸</string>
          <string>⁹</string>
          <string>˥</string>
          <string>˦</string>
          <string>˧</string>
          <string>˨</string>
          <string>˩</string>
          <string>↓</string>
          <string>↑</string>
          <string>↗</string>
          <string>↘</string>
          <string>ː</string>
          <string>ˑ</string>
          <string>̆</string>
        </CompleteIgnoredList>
      </SearchQuery>
      <SearchQuery version="2" Pattern="[C]_*">
        <IsPatternRegExpression>false</IsPatternRegExpression>
        <ShowAllOccurrences>true</ShowAllOccurrences>
        <IncludeAllUncertainPossibilities>false</IncludeAllUncertainPossibilities>
        <IgnoreDiacritics>false</IgnoreDiacritics>
        <IgnoredStressChars />
        <IgnoredToneChars>˥˧,˧˩,˦˥˦,˩˨,˦˥,˥˩,˩˥,̋,́,̄,̀,̏,̌,̂,᷄,᷅,᷈,¹,²,³,⁴,⁵,⁶,⁷,⁸,⁹,˥,˦,˧,˨,˩,↓,↑,↗,↘,</IgnoredToneChars>
        <IgnoredLengthChars>ː,ˑ,̆,</IgnoredLengthChars>
        <CompleteIgnoredList>
          <string>˦˥˦</string>
          <string>˥˧</string>
          <string>˧˩</string>
          <string>˩˨</string>
          <string>˦˥</string>
          <string>˥˩</string>
          <string>˩˥</string>
          <string>̋</string>
          <string>́</string>
          <string>̄</string>
          <string>̀</string>
          <string>̏</string>
          <string>̌</string>
          <string>̂</string>
          <string>᷄</string>
          <string>᷅</string>
          <string>᷈</string>
          <string>¹</string>
          <string>²</string>
          <string>³</string>
          <string>⁴</string>
          <string>⁵</string>
          <string>⁶</string>
          <string>⁷</string>
          <string>⁸</string>
          <string>⁹</string>
          <string>˥</string>
          <string>˦</string>
          <string>˧</string>
          <string>˨</string>
          <string>˩</string>
          <string>↓</string>
          <string>↑</string>
          <string>↗</string>
          <string>↘</string>
          <string>ː</string>
          <string>ˑ</string>
          <string>̆</string>
        </CompleteIgnoredList>
      </SearchQuery>
      <SearchQuery version="2" Pattern="[C][V]_*">
        <IsPatternRegExpression>false</IsPatternRegExpression>
        <ShowAllOccurrences>true</ShowAllOccurrences>
        <IncludeAllUncertainPossibilities>false</IncludeAllUncertainPossibilities>
        <IgnoreDiacritics>false</IgnoreDiacritics>
        <IgnoredStressChars />
        <IgnoredToneChars>˥˧,˧˩,˦˥˦,˩˨,˦˥,˥˩,˩˥,̋,́,̄,̀,̏,̌,̂,᷄,᷅,᷈,¹,²,³,⁴,⁵,⁶,⁷,⁸,⁹,˥,˦,˧,˨,˩,↓,↑,↗,↘,</IgnoredToneChars>
        <IgnoredLengthChars>ː,ˑ,̆,</IgnoredLengthChars>
        <CompleteIgnoredList>
          <string>˦˥˦</string>
          <string>˥˧</string>
          <string>˧˩</string>
          <string>˩˨</string>
          <string>˦˥</string>
          <string>˥˩</string>
          <string>˩˥</string>
          <string>̋</string>
          <string>́</string>
          <string>̄</string>
          <string>̀</string>
          <string>̏</string>
          <string>̌</string>
          <string>̂</string>
          <string>᷄</string>
          <string>᷅</string>
          <string>᷈</string>
          <string>¹</string>
          <string>²</string>
          <string>³</string>
          <string>⁴</string>
          <string>⁵</string>
          <string>⁶</string>
          <string>⁷</string>
          <string>⁸</string>
          <string>⁹</string>
          <string>˥</string>
          <string>˦</string>
          <string>˧</string>
          <string>˨</string>
          <string>˩</string>
          <string>↓</string>
          <string>↑</string>
          <string>↗</string>
          <string>↘</string>
          <string>ː</string>
          <string>ˑ</string>
          <string>̆</string>
        </CompleteIgnoredList>
      </SearchQuery>
      <SearchQuery version="2" Pattern="*_[V][C]">
        <IsPatternRegExpression>false</IsPatternRegExpression>
        <ShowAllOccurrences>true</ShowAllOccurrences>
        <IncludeAllUncertainPossibilities>false</IncludeAllUncertainPossibilities>
        <IgnoreDiacritics>false</IgnoreDiacritics>
        <IgnoredStressChars />
        <IgnoredToneChars>˥˧,˧˩,˦˥˦,˩˨,˦˥,˥˩,˩˥,̋,́,̄,̀,̏,̌,̂,᷄,᷅,᷈,¹,²,³,⁴,⁵,⁶,⁷,⁸,⁹,˥,˦,˧,˨,˩,↓,↑,↗,↘,</IgnoredToneChars>
        <IgnoredLengthChars>ː,ˑ,̆,</IgnoredLengthChars>
        <CompleteIgnoredList>
          <string>˦˥˦</string>
          <string>˥˧</string>
          <string>˧˩</string>
          <string>˩˨</string>
          <string>˦˥</string>
          <string>˥˩</string>
          <string>˩˥</string>
          <string>̋</string>
          <string>́</string>
          <string>̄</string>
          <string>̀</string>
          <string>̏</string>
          <string>̌</string>
          <string>̂</string>
          <string>᷄</string>
          <string>᷅</string>
          <string>᷈</string>
          <string>¹</string>
          <string>²</string>
          <string>³</string>
          <string>⁴</string>
          <string>⁵</string>
          <string>⁶</string>
          <string>⁷</string>
          <string>⁸</string>
          <string>⁹</string>
          <string>˥</string>
          <string>˦</string>
          <string>˧</string>
          <string>˨</string>
          <string>˩</string>
          <string>↓</string>
          <string>↑</string>
          <string>↗</string>
          <string>↘</string>
          <string>ː</string>
          <string>ˑ</string>
          <string>̆</string>
        </CompleteIgnoredList>
      </SearchQuery>
    </SearchQueries>
    <ColumnWidths>
      <int>187</int>
      <int>54</int>
      <int>53</int>
      <int>62</int>
      <int>63</int>
      <int>66</int>
      <int>66</int>
      <int>73</int>
      <int>100</int>
      <int>100</int>
      <int>100</int>
    </ColumnWidths>
  </XYChart>
  <XYChart Name="Vowels">
    <SearchItems>
      <string>[V]</string>
      <string>[[V][+High]]</string>
      <string>[[V][-high][-low]]</string>
      <string>[[V][+low]]</string>
      <string>[[V][+round]]</string>
      <string>[[V][-round]]</string>
      <string>[[V][+front]]</string>
      <string>[[V][-front][-back]]</string>
      <string>[[V][+back]]</string>
    </SearchItems>
    <SearchQueries>
      <SearchQuery version="2" Pattern="*_*">
        <IsPatternRegExpression>false</IsPatternRegExpression>
        <ShowAllOccurrences>true</ShowAllOccurrences>
        <IncludeAllUncertainPossibilities>false</IncludeAllUncertainPossibilities>
        <IgnoreDiacritics>false</IgnoreDiacritics>
        <IgnoredStressChars>',.,|,ˈ,ˌ,‖,‿,</IgnoredStressChars>
        <IgnoredToneChars>˥˧,˧˩,˦˥˦,˩˨,˦˥,˥˩,˩˥,²,³,¹,˥,˦,˧,˨,˩,̀,́,̂,̄,̋,̌,̏,᷄,᷅,᷈,⁴,⁵,⁶,⁷,⁸,⁹,↑,↓,↗,↘,</IgnoredToneChars>
        <IgnoredLengthChars>ː,ˑ,̆,</IgnoredLengthChars>
        <CompleteIgnoredList>
          <string>˦˥˦</string>
          <string>˥˧</string>
          <string>˧˩</string>
          <string>˩˨</string>
          <string>˦˥</string>
          <string>˥˩</string>
          <string>˩˥</string>
          <string>²</string>
          <string>³</string>
          <string>¹</string>
          <string>˥</string>
          <string>˦</string>
          <string>˧</string>
          <string>˨</string>
          <string>˩</string>
          <string>̀</string>
          <string>́</string>
          <string>̂</string>
          <string>̄</string>
          <string>̋</string>
          <string>̌</string>
          <string>̏</string>
          <string>᷄</string>
          <string>᷅</string>
          <string>᷈</string>
          <string>⁴</string>
          <string>⁵</string>
          <string>⁶</string>
          <string>⁷</string>
          <string>⁸</string>
          <string>⁹</string>
          <string>↑</string>
          <string>↓</string>
          <string>↗</string>
          <string>↘</string>
          <string>'</string>
          <string>.</string>
          <string>|</string>
          <string>ˈ</string>
          <string>ˌ</string>
          <string>‖</string>
          <string>‿</string>
          <string>ː</string>
          <string>ˑ</string>
          <string>̆</string>
        </CompleteIgnoredList>
      </SearchQuery>
      <SearchQuery version="2" Pattern="[C]_#">
        <IsPatternRegExpression>false</IsPatternRegExpression>
        <ShowAllOccurrences>true</ShowAllOccurrences>
        <IncludeAllUncertainPossibilities>false</IncludeAllUncertainPossibilities>
        <IgnoreDiacritics>false</IgnoreDiacritics>
        <IgnoredStressChars>',.,|,ˈ,ˌ,‖,‿,</IgnoredStressChars>
        <IgnoredToneChars>˥˧,˧˩,˦˥˦,˩˨,˦˥,˥˩,˩˥,²,³,¹,˥,˦,˧,˨,˩,̀,́,̂,̄,̋,̌,̏,᷄,᷅,᷈,⁴,⁵,⁶,⁷,⁸,⁹,↑,↓,↗,↘,</IgnoredToneChars>
        <IgnoredLengthChars>ː,ˑ,̆,</IgnoredLengthChars>
        <CompleteIgnoredList>
          <string>˦˥˦</string>
          <string>˥˧</string>
          <string>˧˩</string>
          <string>˩˨</string>
          <string>˦˥</string>
          <string>˥˩</string>
          <string>˩˥</string>
          <string>²</string>
          <string>³</string>
          <string>¹</string>
          <string>˥</string>
          <string>˦</string>
          <string>˧</string>
          <string>˨</string>
          <string>˩</string>
          <string>̀</string>
          <string>́</string>
          <string>̂</string>
          <string>̄</string>
          <string>̋</string>
          <string>̌</string>
          <string>̏</string>
          <string>᷄</string>
          <string>᷅</string>
          <string>᷈</string>
          <string>⁴</string>
          <string>⁵</string>
          <string>⁶</string>
          <string>⁷</string>
          <string>⁸</string>
          <string>⁹</string>
          <string>↑</string>
          <string>↓</string>
          <string>↗</string>
          <string>↘</string>
          <string>'</string>
          <string>.</string>
          <string>|</string>
          <string>ˈ</string>
          <string>ˌ</string>
          <string>‖</string>
          <string>‿</string>
          <string>ː</string>
          <string>ˑ</string>
          <string>̆</string>
        </CompleteIgnoredList>
      </SearchQuery>
      <SearchQuery version="2" Pattern="#_*">
        <IsPatternRegExpression>false</IsPatternRegExpression>
        <ShowAllOccurrences>true</ShowAllOccurrences>
        <IncludeAllUncertainPossibilities>false</IncludeAllUncertainPossibilities>
        <IgnoreDiacritics>false</IgnoreDiacritics>
        <IgnoredStressChars>',.,|,ˈ,ˌ,‖,‿,</IgnoredStressChars>
        <IgnoredToneChars>˥˧,˧˩,˦˥˦,˩˨,˦˥,˥˩,˩˥,²,³,¹,˥,˦,˧,˨,˩,̀,́,̂,̄,̋,̌,̏,᷄,᷅,᷈,⁴,⁵,⁶,⁷,⁸,⁹,↑,↓,↗,↘,</IgnoredToneChars>
        <IgnoredLengthChars>ː,ˑ,̆,</IgnoredLengthChars>
        <CompleteIgnoredList>
          <string>˦˥˦</string>
          <string>˥˧</string>
          <string>˧˩</string>
          <string>˩˨</string>
          <string>˦˥</string>
          <string>˥˩</string>
          <string>˩˥</string>
          <string>²</string>
          <string>³</string>
          <string>¹</string>
          <string>˥</string>
          <string>˦</string>
          <string>˧</string>
          <string>˨</string>
          <string>˩</string>
          <string>̀</string>
          <string>́</string>
          <string>̂</string>
          <string>̄</string>
          <string>̋</string>
          <string>̌</string>
          <string>̏</string>
          <string>᷄</string>
          <string>᷅</string>
          <string>᷈</string>
          <string>⁴</string>
          <string>⁵</string>
          <string>⁶</string>
          <string>⁷</string>
          <string>⁸</string>
          <string>⁹</string>
          <string>↑</string>
          <string>↓</string>
          <string>↗</string>
          <string>↘</string>
          <string>'</string>
          <string>.</string>
          <string>|</string>
          <string>ˈ</string>
          <string>ˌ</string>
          <string>‖</string>
          <string>‿</string>
          <string>ː</string>
          <string>ˑ</string>
          <string>̆</string>
        </CompleteIgnoredList>
      </SearchQuery>
      <SearchQuery version="2" Pattern="[V]_*">
        <IsPatternRegExpression>false</IsPatternRegExpression>
        <ShowAllOccurrences>true</ShowAllOccurrences>
        <IncludeAllUncertainPossibilities>false</IncludeAllUncertainPossibilities>
        <IgnoreDiacritics>false</IgnoreDiacritics>
        <IgnoredStressChars>',.,|,ˈ,ˌ,‖,‿,</IgnoredStressChars>
        <IgnoredToneChars>˥˧,˧˩,˦˥˦,˩˨,˦˥,˥˩,˩˥,²,³,¹,˥,˦,˧,˨,˩,̀,́,̂,̄,̋,̌,̏,᷄,᷅,᷈,⁴,⁵,⁶,⁷,⁸,⁹,↑,↓,↗,↘,</IgnoredToneChars>
        <IgnoredLengthChars>ː,ˑ,̆,</IgnoredLengthChars>
        <CompleteIgnoredList>
          <string>˦˥˦</string>
          <string>˥˧</string>
          <string>˧˩</string>
          <string>˩˨</string>
          <string>˦˥</string>
          <string>˥˩</string>
          <string>˩˥</string>
          <string>²</string>
          <string>³</string>
          <string>¹</string>
          <string>˥</string>
          <string>˦</string>
          <string>˧</string>
          <string>˨</string>
          <string>˩</string>
          <string>̀</string>
          <string>́</string>
          <string>̂</string>
          <string>̄</string>
          <string>̋</string>
          <string>̌</string>
          <string>̏</string>
          <string>᷄</string>
          <string>᷅</string>
          <string>᷈</string>
          <string>⁴</string>
          <string>⁵</string>
          <string>⁶</string>
          <string>⁷</string>
          <string>⁸</string>
          <string>⁹</string>
          <string>↑</string>
          <string>↓</string>
          <string>↗</string>
          <string>↘</string>
          <string>'</string>
          <string>.</string>
          <string>|</string>
          <string>ˈ</string>
          <string>ˌ</string>
          <string>‖</string>
          <string>‿</string>
          <string>ː</string>
          <string>ˑ</string>
          <string>̆</string>
        </CompleteIgnoredList>
      </SearchQuery>
      <SearchQuery version="2" Pattern="*_[V]">
        <IsPatternRegExpression>false</IsPatternRegExpression>
        <ShowAllOccurrences>true</ShowAllOccurrences>
        <IncludeAllUncertainPossibilities>false</IncludeAllUncertainPossibilities>
        <IgnoreDiacritics>false</IgnoreDiacritics>
        <IgnoredStressChars>',.,|,ˈ,ˌ,‖,‿,</IgnoredStressChars>
        <IgnoredToneChars>˥˧,˧˩,˦˥˦,˩˨,˦˥,˥˩,˩˥,²,³,¹,˥,˦,˧,˨,˩,̀,́,̂,̄,̋,̌,̏,᷄,᷅,᷈,⁴,⁵,⁶,⁷,⁸,⁹,↑,↓,↗,↘,</IgnoredToneChars>
        <IgnoredLengthChars>ː,ˑ,̆,</IgnoredLengthChars>
        <CompleteIgnoredList>
          <string>˦˥˦</string>
          <string>˥˧</string>
          <string>˧˩</string>
          <string>˩˨</string>
          <string>˦˥</string>
          <string>˥˩</string>
          <string>˩˥</string>
          <string>²</string>
          <string>³</string>
          <string>¹</string>
          <string>˥</string>
          <string>˦</string>
          <string>˧</string>
          <string>˨</string>
          <string>˩</string>
          <string>̀</string>
          <string>́</string>
          <string>̂</string>
          <string>̄</string>
          <string>̋</string>
          <string>̌</string>
          <string>̏</string>
          <string>᷄</string>
          <string>᷅</string>
          <string>᷈</string>
          <string>⁴</string>
          <string>⁵</string>
          <string>⁶</string>
          <string>⁷</string>
          <string>⁸</string>
          <string>⁹</string>
          <string>↑</string>
          <string>↓</string>
          <string>↗</string>
          <string>↘</string>
          <string>'</string>
          <string>.</string>
          <string>|</string>
          <string>ˈ</string>
          <string>ˌ</string>
          <string>‖</string>
          <string>‿</string>
          <string>ː</string>
          <string>ˑ</string>
          <string>̆</string>
        </CompleteIgnoredList>
      </SearchQuery>
      <SearchQuery version="2" Pattern="*_[Approximant]">
        <IsPatternRegExpression>false</IsPatternRegExpression>
        <ShowAllOccurrences>true</ShowAllOccurrences>
        <IncludeAllUncertainPossibilities>false</IncludeAllUncertainPossibilities>
        <IgnoreDiacritics>false</IgnoreDiacritics>
        <IgnoredStressChars>',.,|,ˈ,ˌ,‖,‿,</IgnoredStressChars>
        <IgnoredToneChars>˥˧,˧˩,˦˥˦,˩˨,˦˥,˥˩,˩˥,²,³,¹,˥,˦,˧,˨,˩,̀,́,̂,̄,̋,̌,̏,᷄,᷅,᷈,⁴,⁵,⁶,⁷,⁸,⁹,↑,↓,↗,↘,</IgnoredToneChars>
        <IgnoredLengthChars>ː,ˑ,̆,</IgnoredLengthChars>
        <CompleteIgnoredList>
          <string>˦˥˦</string>
          <string>˥˧</string>
          <string>˧˩</string>
          <string>˩˨</string>
          <string>˦˥</string>
          <string>˥˩</string>
          <string>˩˥</string>
          <string>²</string>
          <string>³</string>
          <string>¹</string>
          <string>˥</string>
          <string>˦</string>
          <string>˧</string>
          <string>˨</string>
          <string>˩</string>
          <string>̀</string>
          <string>́</string>
          <string>̂</string>
          <string>̄</string>
          <string>̋</string>
          <string>̌</string>
          <string>̏</string>
          <string>᷄</string>
          <string>᷅</string>
          <string>᷈</string>
          <string>⁴</string>
          <string>⁵</string>
          <string>⁶</string>
          <string>⁷</string>
          <string>⁸</string>
          <string>⁹</string>
          <string>↑</string>
          <string>↓</string>
          <string>↗</string>
          <string>↘</string>
          <string>'</string>
          <string>.</string>
          <string>|</string>
          <string>ˈ</string>
          <string>ˌ</string>
          <string>‖</string>
          <string>‿</string>
          <string>ː</string>
          <string>ˑ</string>
          <string>̆</string>
        </CompleteIgnoredList>
      </SearchQuery>
      <SearchQuery version="2" Pattern="[Approximant]_*">
        <IsPatternRegExpression>false</IsPatternRegExpression>
        <ShowAllOccurrences>true</ShowAllOccurrences>
        <IncludeAllUncertainPossibilities>false</IncludeAllUncertainPossibilities>
        <IgnoreDiacritics>false</IgnoreDiacritics>
        <IgnoredStressChars>',.,|,ˈ,ˌ,‖,‿,</IgnoredStressChars>
        <IgnoredToneChars>˥˧,˧˩,˦˥˦,˩˨,˦˥,˥˩,˩˥,²,³,¹,˥,˦,˧,˨,˩,̀,́,̂,̄,̋,̌,̏,᷄,᷅,᷈,⁴,⁵,⁶,⁷,⁸,⁹,↑,↓,↗,↘,</IgnoredToneChars>
        <IgnoredLengthChars>ː,ˑ,̆,</IgnoredLengthChars>
        <CompleteIgnoredList>
          <string>˦˥˦</string>
          <string>˥˧</string>
          <string>˧˩</string>
          <string>˩˨</string>
          <string>˦˥</string>
          <string>˥˩</string>
          <string>˩˥</string>
          <string>²</string>
          <string>³</string>
          <string>¹</string>
          <string>˥</string>
          <string>˦</string>
          <string>˧</string>
          <string>˨</string>
          <string>˩</string>
          <string>̀</string>
          <string>́</string>
          <string>̂</string>
          <string>̄</string>
          <string>̋</string>
          <string>̌</string>
          <string>̏</string>
          <string>᷄</string>
          <string>᷅</string>
          <string>᷈</string>
          <string>⁴</string>
          <string>⁵</string>
          <string>⁶</string>
          <string>⁷</string>
          <string>⁸</string>
          <string>⁹</string>
          <string>↑</string>
          <string>↓</string>
          <string>↗</string>
          <string>↘</string>
          <string>'</string>
          <string>.</string>
          <string>|</string>
          <string>ˈ</string>
          <string>ˌ</string>
          <string>‖</string>
          <string>‿</string>
          <string>ː</string>
          <string>ˑ</string>
          <string>̆</string>
        </CompleteIgnoredList>
      </SearchQuery>
    </SearchQueries>
    <ColumnWidths>
      <int>134</int>
      <int>100</int>
      <int>100</int>
      <int>100</int>
      <int>100</int>
      <int>100</int>
      <int>129</int>
      <int>119</int>
      <int>100</int>
    </ColumnWidths>
  </XYChart>
</ArrayOfXYChart>