<?xml version="1.0" encoding="utf-8"?>
<SearchClasses>
  <SearchClass Name="xPhoneClass_Alv_tdnrth" SearchClassType="Phones">
    <Pattern>{t,d,n,r,tʰ}</Pattern>
  </SearchClass>
  <SearchClass Name="xArtFtrsClass_VclssPlosives" SearchClassType="Articulatory">
    <Pattern>[[Plosive][Voiceless]]</Pattern>
  </SearchClass>
  <SearchClass Name="xArtFtrsClass_BilabORLabDent" SearchClassType="Articulatory">
    <Pattern>{[Bilabial], [Labiodental]}</Pattern>
  </SearchClass>
  <SearchClass Name="xBinFtrsClass+high+syll" SearchClassType="Binary">
    <Pattern>[[+high][+syll]]</Pattern>
  </SearchClass>
  <SearchClass Name="xBinFtrsClass+antOR+LAB" SearchClassType="Binary">
    <Pattern>{[+ant], [+LAB]}</Pattern>
  </SearchClass>
</SearchClasses>