<?xml version="1.0" encoding="utf-8"?>
<SearchQueries>
  <QueryGroup Name="1ExPatterns" Expanded="false" ExpandedInPopup="false">
    <Queries>
      <SearchQuery version="2" Name="ExTarget=SinglePhoneAnywhere" Pattern="tʰ/*_*">
        <IsPatternRegExpression>false</IsPatternRegExpression>
        <ShowAllOccurrences>true</ShowAllOccurrences>
        <IncludeAllUncertainPossibilities>false</IncludeAllUncertainPossibilities>
        <IgnoreDiacritics>false</IgnoreDiacritics>
        <IgnoredStressChars>',.,|,ˈ,ˌ,‖,‿,</IgnoredStressChars>
        <IgnoredToneChars>˥˧,˧˩,˦˥˦,˩˨,˦˥,˥˩,˩˥,²,³,¹,˥,˦,˧,˨,˩,̀,́,̂,̄,̋,̌,̏,᷄,᷅,᷈,⁴,⁵,⁶,⁷,⁸,⁹,↑,↓,↗,↘,</IgnoredToneChars>
        <IgnoredLengthChars>ː,ˑ,̆,</IgnoredLengthChars>
        <CompleteIgnoredList>
          <string>˦˥˦</string>
          <string>˥˧</string>
          <string>˧˩</string>
          <string>˩˨</string>
          <string>˦˥</string>
          <string>˥˩</string>
          <string>˩˥</string>
          <string>²</string>
          <string>³</string>
          <string>¹</string>
          <string>˥</string>
          <string>˦</string>
          <string>˧</string>
          <string>˨</string>
          <string>˩</string>
          <string>̀</string>
          <string>́</string>
          <string>̂</string>
          <string>̄</string>
          <string>̋</string>
          <string>̌</string>
          <string>̏</string>
          <string>᷄</string>
          <string>᷅</string>
          <string>᷈</string>
          <string>⁴</string>
          <string>⁵</string>
          <string>⁶</string>
          <string>⁷</string>
          <string>⁸</string>
          <string>⁹</string>
          <string>↑</string>
          <string>↓</string>
          <string>↗</string>
          <string>↘</string>
          <string>'</string>
          <string>.</string>
          <string>|</string>
          <string>ˈ</string>
          <string>ˌ</string>
          <string>‖</string>
          <string>‿</string>
          <string>ː</string>
          <string>ˑ</string>
          <string>̆</string>
        </CompleteIgnoredList>
      </SearchQuery>
      <SearchQuery version="2" Name="ExTarget=SetOfPhonesAnywhere" Pattern="{t,tʰ,d}/*_*">
        <IsPatternRegExpression>false</IsPatternRegExpression>
        <ShowAllOccurrences>true</ShowAllOccurrences>
        <IncludeAllUncertainPossibilities>false</IncludeAllUncertainPossibilities>
        <IgnoreDiacritics>false</IgnoreDiacritics>
        <IgnoredStressChars>',.,|,ˈ,ˌ,‖,‿,</IgnoredStressChars>
        <IgnoredToneChars>˥˧,˧˩,˦˥˦,˩˨,˦˥,˥˩,˩˥,²,³,¹,˥,˦,˧,˨,˩,̀,́,̂,̄,̋,̌,̏,᷄,᷅,᷈,⁴,⁵,⁶,⁷,⁸,⁹,↑,↓,↗,↘,</IgnoredToneChars>
        <IgnoredLengthChars>ː,ˑ,̆,</IgnoredLengthChars>
        <CompleteIgnoredList>
          <string>˦˥˦</string>
          <string>˥˧</string>
          <string>˧˩</string>
          <string>˩˨</string>
          <string>˦˥</string>
          <string>˥˩</string>
          <string>˩˥</string>
          <string>²</string>
          <string>³</string>
          <string>¹</string>
          <string>˥</string>
          <string>˦</string>
          <string>˧</string>
          <string>˨</string>
          <string>˩</string>
          <string>̀</string>
          <string>́</string>
          <string>̂</string>
          <string>̄</string>
          <string>̋</string>
          <string>̌</string>
          <string>̏</string>
          <string>᷄</string>
          <string>᷅</string>
          <string>᷈</string>
          <string>⁴</string>
          <string>⁵</string>
          <string>⁶</string>
          <string>⁷</string>
          <string>⁸</string>
          <string>⁹</string>
          <string>↑</string>
          <string>↓</string>
          <string>↗</string>
          <string>↘</string>
          <string>'</string>
          <string>.</string>
          <string>|</string>
          <string>ˈ</string>
          <string>ˌ</string>
          <string>‖</string>
          <string>‿</string>
          <string>ː</string>
          <string>ˑ</string>
          <string>̆</string>
        </CompleteIgnoredList>
      </SearchQuery>
      <SearchQuery version="2" Name="ExTarget=SeqOfPhonesAnywhere" Pattern="t[V][C]/*_*">
        <IsPatternRegExpression>false</IsPatternRegExpression>
        <ShowAllOccurrences>true</ShowAllOccurrences>
        <IncludeAllUncertainPossibilities>false</IncludeAllUncertainPossibilities>
        <IgnoreDiacritics>false</IgnoreDiacritics>
        <IgnoredStressChars>',.,|,ˈ,ˌ,‖,‿,</IgnoredStressChars>
        <IgnoredToneChars>˥˧,˧˩,˦˥˦,˩˨,˦˥,˥˩,˩˥,²,³,¹,˥,˦,˧,˨,˩,̀,́,̂,̄,̋,̌,̏,᷄,᷅,᷈,⁴,⁵,⁶,⁷,⁸,⁹,↑,↓,↗,↘,</IgnoredToneChars>
        <IgnoredLengthChars>ː,ˑ,̆,</IgnoredLengthChars>
        <CompleteIgnoredList>
          <string>˦˥˦</string>
          <string>˥˧</string>
          <string>˧˩</string>
          <string>˩˨</string>
          <string>˦˥</string>
          <string>˥˩</string>
          <string>˩˥</string>
          <string>²</string>
          <string>³</string>
          <string>¹</string>
          <string>˥</string>
          <string>˦</string>
          <string>˧</string>
          <string>˨</string>
          <string>˩</string>
          <string>̀</string>
          <string>́</string>
          <string>̂</string>
          <string>̄</string>
          <string>̋</string>
          <string>̌</string>
          <string>̏</string>
          <string>᷄</string>
          <string>᷅</string>
          <string>᷈</string>
          <string>⁴</string>
          <string>⁵</string>
          <string>⁶</string>
          <string>⁷</string>
          <string>⁸</string>
          <string>⁹</string>
          <string>↑</string>
          <string>↓</string>
          <string>↗</string>
          <string>↘</string>
          <string>'</string>
          <string>.</string>
          <string>|</string>
          <string>ˈ</string>
          <string>ˌ</string>
          <string>‖</string>
          <string>‿</string>
          <string>ː</string>
          <string>ˑ</string>
          <string>̆</string>
        </CompleteIgnoredList>
      </SearchQuery>
      <SearchQuery version="2" Name="ExTarget=ConsOrVowelWordInitial" Pattern="{[C],[V]}/#_*">
        <IsPatternRegExpression>false</IsPatternRegExpression>
        <ShowAllOccurrences>true</ShowAllOccurrences>
        <IncludeAllUncertainPossibilities>false</IncludeAllUncertainPossibilities>
        <IgnoreDiacritics>false</IgnoreDiacritics>
        <IgnoredStressChars>',.,|,ˈ,ˌ,‖,‿,</IgnoredStressChars>
        <IgnoredToneChars>˥˧,˧˩,˦˥˦,˩˨,˦˥,˥˩,˩˥,²,³,¹,˥,˦,˧,˨,˩,̀,́,̂,̄,̋,̌,̏,᷄,᷅,᷈,⁴,⁵,⁶,⁷,⁸,⁹,↑,↓,↗,↘,</IgnoredToneChars>
        <IgnoredLengthChars>ː,ˑ,̆,</IgnoredLengthChars>
        <CompleteIgnoredList>
          <string>˦˥˦</string>
          <string>˥˧</string>
          <string>˧˩</string>
          <string>˩˨</string>
          <string>˦˥</string>
          <string>˥˩</string>
          <string>˩˥</string>
          <string>²</string>
          <string>³</string>
          <string>¹</string>
          <string>˥</string>
          <string>˦</string>
          <string>˧</string>
          <string>˨</string>
          <string>˩</string>
          <string>̀</string>
          <string>́</string>
          <string>̂</string>
          <string>̄</string>
          <string>̋</string>
          <string>̌</string>
          <string>̏</string>
          <string>᷄</string>
          <string>᷅</string>
          <string>᷈</string>
          <string>⁴</string>
          <string>⁵</string>
          <string>⁶</string>
          <string>⁷</string>
          <string>⁸</string>
          <string>⁹</string>
          <string>↑</string>
          <string>↓</string>
          <string>↗</string>
          <string>↘</string>
          <string>'</string>
          <string>.</string>
          <string>|</string>
          <string>ˈ</string>
          <string>ˌ</string>
          <string>‖</string>
          <string>‿</string>
          <string>ː</string>
          <string>ˑ</string>
          <string>̆</string>
        </CompleteIgnoredList>
      </SearchQuery>
    </Queries>
  </QueryGroup>
  <QueryGroup Name="2ExPatternsDiacritics" Expanded="false" ExpandedInPopup="false">
    <Queries>
      <SearchQuery version="2" Name="ExTarget=Diacritic:Specific" Pattern="[[V][◌̃]]/*_*">
        <IsPatternRegExpression>false</IsPatternRegExpression>
        <ShowAllOccurrences>true</ShowAllOccurrences>
        <IncludeAllUncertainPossibilities>false</IncludeAllUncertainPossibilities>
        <IgnoreDiacritics>false</IgnoreDiacritics>
        <IgnoredStressChars>',.,|,ˈ,ˌ,‖,‿,</IgnoredStressChars>
        <IgnoredToneChars>˥˧,˧˩,˦˥˦,˩˨,˦˥,˥˩,˩˥,²,³,¹,˥,˦,˧,˨,˩,̀,́,̂,̄,̋,̌,̏,᷄,᷅,᷈,⁴,⁵,⁶,⁷,⁸,⁹,↑,↓,↗,↘,</IgnoredToneChars>
        <IgnoredLengthChars>ː,ˑ,̆,</IgnoredLengthChars>
        <CompleteIgnoredList>
          <string>˦˥˦</string>
          <string>˥˧</string>
          <string>˧˩</string>
          <string>˩˨</string>
          <string>˦˥</string>
          <string>˥˩</string>
          <string>˩˥</string>
          <string>²</string>
          <string>³</string>
          <string>¹</string>
          <string>˥</string>
          <string>˦</string>
          <string>˧</string>
          <string>˨</string>
          <string>˩</string>
          <string>̀</string>
          <string>́</string>
          <string>̂</string>
          <string>̄</string>
          <string>̋</string>
          <string>̌</string>
          <string>̏</string>
          <string>᷄</string>
          <string>᷅</string>
          <string>᷈</string>
          <string>⁴</string>
          <string>⁵</string>
          <string>⁶</string>
          <string>⁷</string>
          <string>⁸</string>
          <string>⁹</string>
          <string>↑</string>
          <string>↓</string>
          <string>↗</string>
          <string>↘</string>
          <string>'</string>
          <string>.</string>
          <string>|</string>
          <string>ˈ</string>
          <string>ˌ</string>
          <string>‖</string>
          <string>‿</string>
          <string>ː</string>
          <string>ˑ</string>
          <string>̆</string>
        </CompleteIgnoredList>
      </SearchQuery>
      <SearchQuery version="2" Name="ExTarget=Diacritic:AnyDiacriticOnVowel" Pattern="[[V][◌+]]/*_*">
        <IsPatternRegExpression>false</IsPatternRegExpression>
        <ShowAllOccurrences>true</ShowAllOccurrences>
        <IncludeAllUncertainPossibilities>false</IncludeAllUncertainPossibilities>
        <IgnoreDiacritics>false</IgnoreDiacritics>
        <IgnoredStressChars>',.,|,ˈ,ˌ,‖,‿,</IgnoredStressChars>
        <IgnoredToneChars>˥˧,˧˩,˦˥˦,˩˨,˦˥,˥˩,˩˥,²,³,¹,˥,˦,˧,˨,˩,̀,́,̂,̄,̋,̌,̏,᷄,᷅,᷈,⁴,⁵,⁶,⁷,⁸,⁹,↑,↓,↗,↘,</IgnoredToneChars>
        <IgnoredLengthChars>ː,ˑ,̆,</IgnoredLengthChars>
        <CompleteIgnoredList>
          <string>˦˥˦</string>
          <string>˥˧</string>
          <string>˧˩</string>
          <string>˩˨</string>
          <string>˦˥</string>
          <string>˥˩</string>
          <string>˩˥</string>
          <string>²</string>
          <string>³</string>
          <string>¹</string>
          <string>˥</string>
          <string>˦</string>
          <string>˧</string>
          <string>˨</string>
          <string>˩</string>
          <string>̀</string>
          <string>́</string>
          <string>̂</string>
          <string>̄</string>
          <string>̋</string>
          <string>̌</string>
          <string>̏</string>
          <string>᷄</string>
          <string>᷅</string>
          <string>᷈</string>
          <string>⁴</string>
          <string>⁵</string>
          <string>⁶</string>
          <string>⁷</string>
          <string>⁸</string>
          <string>⁹</string>
          <string>↑</string>
          <string>↓</string>
          <string>↗</string>
          <string>↘</string>
          <string>'</string>
          <string>.</string>
          <string>|</string>
          <string>ˈ</string>
          <string>ˌ</string>
          <string>‖</string>
          <string>‿</string>
          <string>ː</string>
          <string>ˑ</string>
          <string>̆</string>
        </CompleteIgnoredList>
      </SearchQuery>
      <SearchQuery version="2" Name="ExTarget=i_IgnoreDiacritics" Pattern="i/*_*">
        <IsPatternRegExpression>false</IsPatternRegExpression>
        <ShowAllOccurrences>true</ShowAllOccurrences>
        <IncludeAllUncertainPossibilities>false</IncludeAllUncertainPossibilities>
        <IgnoreDiacritics>true</IgnoreDiacritics>
        <IgnoredStressChars>',ˈ,ˌ,|,‖,.,-,‿,</IgnoredStressChars>
        <IgnoredToneChars>˩˥,˥˩,˦˥,˩˨,˦˥˦,˧˩,˥˧,̋,́,̄,̀,̏,̌,̂,᷄,᷅,᷈,¹,²,³,⁴,⁵,⁶,⁷,⁸,⁹,˥,˦,˧,˨,˩,↓,↑,↗,↘,</IgnoredToneChars>
        <IgnoredLengthChars>ː,ˑ,̆,</IgnoredLengthChars>
        <CompleteIgnoredList>
          <string>˦˥˦</string>
          <string>˩˥</string>
          <string>˥˩</string>
          <string>˦˥</string>
          <string>˩˨</string>
          <string>˧˩</string>
          <string>˥˧</string>
          <string>̋</string>
          <string>́</string>
          <string>̄</string>
          <string>̀</string>
          <string>̏</string>
          <string>̌</string>
          <string>̂</string>
          <string>᷄</string>
          <string>᷅</string>
          <string>᷈</string>
          <string>¹</string>
          <string>²</string>
          <string>³</string>
          <string>⁴</string>
          <string>⁵</string>
          <string>⁶</string>
          <string>⁷</string>
          <string>⁸</string>
          <string>⁹</string>
          <string>˥</string>
          <string>˦</string>
          <string>˧</string>
          <string>˨</string>
          <string>˩</string>
          <string>↓</string>
          <string>↑</string>
          <string>↗</string>
          <string>↘</string>
          <string>'</string>
          <string>ˈ</string>
          <string>ˌ</string>
          <string>|</string>
          <string>‖</string>
          <string>.</string>
          <string>-</string>
          <string>‿</string>
          <string>ː</string>
          <string>ˑ</string>
          <string>̆</string>
        </CompleteIgnoredList>
      </SearchQuery>
      <SearchQuery version="2" Name="ExTarget=i_DoNotIgnoreDiacritics" Pattern="i/*_*">
        <IsPatternRegExpression>false</IsPatternRegExpression>
        <ShowAllOccurrences>true</ShowAllOccurrences>
        <IncludeAllUncertainPossibilities>false</IncludeAllUncertainPossibilities>
        <IgnoreDiacritics>false</IgnoreDiacritics>
        <IgnoredStressChars>',ˈ,ˌ,|,‖,.,-,‿,</IgnoredStressChars>
        <IgnoredToneChars>˩˥,˥˩,˦˥,˩˨,˦˥˦,˧˩,˥˧,̋,́,̄,̀,̏,̌,̂,᷄,᷅,᷈,¹,²,³,⁴,⁵,⁶,⁷,⁸,⁹,˥,˦,˧,˨,˩,↓,↑,↗,↘,</IgnoredToneChars>
        <IgnoredLengthChars>ː,ˑ,̆,</IgnoredLengthChars>
        <CompleteIgnoredList>
          <string>˦˥˦</string>
          <string>˩˥</string>
          <string>˥˩</string>
          <string>˦˥</string>
          <string>˩˨</string>
          <string>˧˩</string>
          <string>˥˧</string>
          <string>̋</string>
          <string>́</string>
          <string>̄</string>
          <string>̀</string>
          <string>̏</string>
          <string>̌</string>
          <string>̂</string>
          <string>᷄</string>
          <string>᷅</string>
          <string>᷈</string>
          <string>¹</string>
          <string>²</string>
          <string>³</string>
          <string>⁴</string>
          <string>⁵</string>
          <string>⁶</string>
          <string>⁷</string>
          <string>⁸</string>
          <string>⁹</string>
          <string>˥</string>
          <string>˦</string>
          <string>˧</string>
          <string>˨</string>
          <string>˩</string>
          <string>↓</string>
          <string>↑</string>
          <string>↗</string>
          <string>↘</string>
          <string>'</string>
          <string>ˈ</string>
          <string>ˌ</string>
          <string>|</string>
          <string>‖</string>
          <string>.</string>
          <string>-</string>
          <string>‿</string>
          <string>ː</string>
          <string>ˑ</string>
          <string>̆</string>
        </CompleteIgnoredList>
      </SearchQuery>
    </Queries>
  </QueryGroup>
  <QueryGroup Name="3ExPatternsArtFeatures" Expanded="false" ExpandedInPopup="false">
    <Queries>
      <SearchQuery version="2" Name="ExTarget=ArtFeatures" Pattern="[[Nasal][Vowel]]/*_*">
        <IsPatternRegExpression>false</IsPatternRegExpression>
        <ShowAllOccurrences>true</ShowAllOccurrences>
        <IncludeAllUncertainPossibilities>false</IncludeAllUncertainPossibilities>
        <IgnoreDiacritics>false</IgnoreDiacritics>
        <IgnoredStressChars>',.,|,ˈ,ˌ,‖,‿,</IgnoredStressChars>
        <IgnoredToneChars>˥˧,˧˩,˦˥˦,˩˨,˦˥,˥˩,˩˥,²,³,¹,˥,˦,˧,˨,˩,̀,́,̂,̄,̋,̌,̏,᷄,᷅,᷈,⁴,⁵,⁶,⁷,⁸,⁹,↑,↓,↗,↘,</IgnoredToneChars>
        <IgnoredLengthChars>ː,ˑ,̆,</IgnoredLengthChars>
        <CompleteIgnoredList>
          <string>˦˥˦</string>
          <string>˥˧</string>
          <string>˧˩</string>
          <string>˩˨</string>
          <string>˦˥</string>
          <string>˥˩</string>
          <string>˩˥</string>
          <string>²</string>
          <string>³</string>
          <string>¹</string>
          <string>˥</string>
          <string>˦</string>
          <string>˧</string>
          <string>˨</string>
          <string>˩</string>
          <string>̀</string>
          <string>́</string>
          <string>̂</string>
          <string>̄</string>
          <string>̋</string>
          <string>̌</string>
          <string>̏</string>
          <string>᷄</string>
          <string>᷅</string>
          <string>᷈</string>
          <string>⁴</string>
          <string>⁵</string>
          <string>⁶</string>
          <string>⁷</string>
          <string>⁸</string>
          <string>⁹</string>
          <string>↑</string>
          <string>↓</string>
          <string>↗</string>
          <string>↘</string>
          <string>'</string>
          <string>.</string>
          <string>|</string>
          <string>ˈ</string>
          <string>ˌ</string>
          <string>‖</string>
          <string>‿</string>
          <string>ː</string>
          <string>ˑ</string>
          <string>̆</string>
        </CompleteIgnoredList>
      </SearchQuery>
      <SearchQuery version="2" Name="ExTarget=SeqOfArtFeatures" Pattern="[Nasal][Nasal]/*_*">
        <IsPatternRegExpression>false</IsPatternRegExpression>
        <ShowAllOccurrences>true</ShowAllOccurrences>
        <IncludeAllUncertainPossibilities>false</IncludeAllUncertainPossibilities>
        <IgnoreDiacritics>false</IgnoreDiacritics>
        <IgnoredStressChars>',.,|,ˈ,ˌ,‖,‿,</IgnoredStressChars>
        <IgnoredToneChars>˥˧,˧˩,˦˥˦,˩˨,˦˥,˥˩,˩˥,²,³,¹,˥,˦,˧,˨,˩,̀,́,̂,̄,̋,̌,̏,᷄,᷅,᷈,⁴,⁵,⁶,⁷,⁸,⁹,↑,↓,↗,↘,</IgnoredToneChars>
        <IgnoredLengthChars>ː,ˑ,̆,</IgnoredLengthChars>
        <CompleteIgnoredList>
          <string>˦˥˦</string>
          <string>˥˧</string>
          <string>˧˩</string>
          <string>˩˨</string>
          <string>˦˥</string>
          <string>˥˩</string>
          <string>˩˥</string>
          <string>²</string>
          <string>³</string>
          <string>¹</string>
          <string>˥</string>
          <string>˦</string>
          <string>˧</string>
          <string>˨</string>
          <string>˩</string>
          <string>̀</string>
          <string>́</string>
          <string>̂</string>
          <string>̄</string>
          <string>̋</string>
          <string>̌</string>
          <string>̏</string>
          <string>᷄</string>
          <string>᷅</string>
          <string>᷈</string>
          <string>⁴</string>
          <string>⁵</string>
          <string>⁶</string>
          <string>⁷</string>
          <string>⁸</string>
          <string>⁹</string>
          <string>↑</string>
          <string>↓</string>
          <string>↗</string>
          <string>↘</string>
          <string>'</string>
          <string>.</string>
          <string>|</string>
          <string>ˈ</string>
          <string>ˌ</string>
          <string>‖</string>
          <string>‿</string>
          <string>ː</string>
          <string>ˑ</string>
          <string>̆</string>
        </CompleteIgnoredList>
      </SearchQuery>
      <SearchQuery version="2" Name="ExTarget=ComplexSeqOfArtFeatures" Pattern="[[Nasal][Consonant]][[Nasal][Vowel]]/*_*">
        <IsPatternRegExpression>false</IsPatternRegExpression>
        <ShowAllOccurrences>true</ShowAllOccurrences>
        <IncludeAllUncertainPossibilities>false</IncludeAllUncertainPossibilities>
        <IgnoreDiacritics>false</IgnoreDiacritics>
        <IgnoredStressChars>',.,|,ˈ,ˌ,‖,‿,</IgnoredStressChars>
        <IgnoredToneChars>˥˧,˧˩,˦˥˦,˩˨,˦˥,˥˩,˩˥,²,³,¹,˥,˦,˧,˨,˩,̀,́,̂,̄,̋,̌,̏,᷄,᷅,᷈,⁴,⁵,⁶,⁷,⁸,⁹,↑,↓,↗,↘,</IgnoredToneChars>
        <IgnoredLengthChars>ː,ˑ,̆,</IgnoredLengthChars>
        <CompleteIgnoredList>
          <string>˦˥˦</string>
          <string>˥˧</string>
          <string>˧˩</string>
          <string>˩˨</string>
          <string>˦˥</string>
          <string>˥˩</string>
          <string>˩˥</string>
          <string>²</string>
          <string>³</string>
          <string>¹</string>
          <string>˥</string>
          <string>˦</string>
          <string>˧</string>
          <string>˨</string>
          <string>˩</string>
          <string>̀</string>
          <string>́</string>
          <string>̂</string>
          <string>̄</string>
          <string>̋</string>
          <string>̌</string>
          <string>̏</string>
          <string>᷄</string>
          <string>᷅</string>
          <string>᷈</string>
          <string>⁴</string>
          <string>⁵</string>
          <string>⁶</string>
          <string>⁷</string>
          <string>⁸</string>
          <string>⁹</string>
          <string>↑</string>
          <string>↓</string>
          <string>↗</string>
          <string>↘</string>
          <string>'</string>
          <string>.</string>
          <string>|</string>
          <string>ˈ</string>
          <string>ˌ</string>
          <string>‖</string>
          <string>‿</string>
          <string>ː</string>
          <string>ˑ</string>
          <string>̆</string>
        </CompleteIgnoredList>
      </SearchQuery>
    </Queries>
  </QueryGroup>
  <QueryGroup Name="4ExPatternsBinFeatures" Expanded="false" ExpandedInPopup="false">
    <Queries>
      <SearchQuery version="2" Name="ExTarget=BinFeatures" Pattern="[[+nas][+cons]]/*_*">
        <IsPatternRegExpression>false</IsPatternRegExpression>
        <ShowAllOccurrences>true</ShowAllOccurrences>
        <IncludeAllUncertainPossibilities>false</IncludeAllUncertainPossibilities>
        <IgnoreDiacritics>false</IgnoreDiacritics>
        <IgnoredStressChars>',-,.,|,ˈ,ˌ,‖,‿,</IgnoredStressChars>
        <IgnoredToneChars>˥˧,˧˩,˦˥˦,˩˨,˦˥,˥˩,˩˥,²,³,¹,˥,˦,˧,˨,˩,̀,́,̂,̄,̋,̌,̏,᷄,᷅,᷈,⁴,⁵,⁶,⁷,⁸,⁹,↑,↓,↗,↘,</IgnoredToneChars>
        <IgnoredLengthChars>ː,ˑ,̆,</IgnoredLengthChars>
        <CompleteIgnoredList>
          <string>˦˥˦</string>
          <string>˥˧</string>
          <string>˧˩</string>
          <string>˩˨</string>
          <string>˦˥</string>
          <string>˥˩</string>
          <string>˩˥</string>
          <string>²</string>
          <string>³</string>
          <string>¹</string>
          <string>˥</string>
          <string>˦</string>
          <string>˧</string>
          <string>˨</string>
          <string>˩</string>
          <string>̀</string>
          <string>́</string>
          <string>̂</string>
          <string>̄</string>
          <string>̋</string>
          <string>̌</string>
          <string>̏</string>
          <string>᷄</string>
          <string>᷅</string>
          <string>᷈</string>
          <string>⁴</string>
          <string>⁵</string>
          <string>⁶</string>
          <string>⁷</string>
          <string>⁸</string>
          <string>⁹</string>
          <string>↑</string>
          <string>↓</string>
          <string>↗</string>
          <string>↘</string>
          <string>'</string>
          <string>-</string>
          <string>.</string>
          <string>|</string>
          <string>ˈ</string>
          <string>ˌ</string>
          <string>‖</string>
          <string>‿</string>
          <string>ː</string>
          <string>ˑ</string>
          <string>̆</string>
        </CompleteIgnoredList>
      </SearchQuery>
      <SearchQuery version="2" Name="ExTarget=SeqOfBinFeatures" Pattern="[+nas][+nas]/*_*">
        <IsPatternRegExpression>false</IsPatternRegExpression>
        <ShowAllOccurrences>true</ShowAllOccurrences>
        <IncludeAllUncertainPossibilities>false</IncludeAllUncertainPossibilities>
        <IgnoreDiacritics>false</IgnoreDiacritics>
        <IgnoredStressChars>',-,.,|,ˈ,ˌ,‖,‿,</IgnoredStressChars>
        <IgnoredToneChars>˥˧,˧˩,˦˥˦,˩˨,˦˥,˥˩,˩˥,²,³,¹,˥,˦,˧,˨,˩,̀,́,̂,̄,̋,̌,̏,᷄,᷅,᷈,⁴,⁵,⁶,⁷,⁸,⁹,↑,↓,↗,↘,</IgnoredToneChars>
        <IgnoredLengthChars>ː,ˑ,̆,</IgnoredLengthChars>
        <CompleteIgnoredList>
          <string>˦˥˦</string>
          <string>˥˧</string>
          <string>˧˩</string>
          <string>˩˨</string>
          <string>˦˥</string>
          <string>˥˩</string>
          <string>˩˥</string>
          <string>²</string>
          <string>³</string>
          <string>¹</string>
          <string>˥</string>
          <string>˦</string>
          <string>˧</string>
          <string>˨</string>
          <string>˩</string>
          <string>̀</string>
          <string>́</string>
          <string>̂</string>
          <string>̄</string>
          <string>̋</string>
          <string>̌</string>
          <string>̏</string>
          <string>᷄</string>
          <string>᷅</string>
          <string>᷈</string>
          <string>⁴</string>
          <string>⁵</string>
          <string>⁶</string>
          <string>⁷</string>
          <string>⁸</string>
          <string>⁹</string>
          <string>↑</string>
          <string>↓</string>
          <string>↗</string>
          <string>↘</string>
          <string>'</string>
          <string>-</string>
          <string>.</string>
          <string>|</string>
          <string>ˈ</string>
          <string>ˌ</string>
          <string>‖</string>
          <string>‿</string>
          <string>ː</string>
          <string>ˑ</string>
          <string>̆</string>
        </CompleteIgnoredList>
      </SearchQuery>
      <SearchQuery version="2" Name="ExTarget=ComplexSeqOfBinFeatures" Pattern="[[+nas][+cons]][[+nas][-cons]]/*_*">
        <IsPatternRegExpression>false</IsPatternRegExpression>
        <ShowAllOccurrences>true</ShowAllOccurrences>
        <IncludeAllUncertainPossibilities>false</IncludeAllUncertainPossibilities>
        <IgnoreDiacritics>false</IgnoreDiacritics>
        <IgnoredStressChars>',-,.,|,ˈ,ˌ,‖,‿,</IgnoredStressChars>
        <IgnoredToneChars>˥˧,˧˩,˦˥˦,˩˨,˦˥,˥˩,˩˥,²,³,¹,˥,˦,˧,˨,˩,̀,́,̂,̄,̋,̌,̏,᷄,᷅,᷈,⁴,⁵,⁶,⁷,⁸,⁹,↑,↓,↗,↘,</IgnoredToneChars>
        <IgnoredLengthChars>ː,ˑ,̆,</IgnoredLengthChars>
        <CompleteIgnoredList>
          <string>˦˥˦</string>
          <string>˥˧</string>
          <string>˧˩</string>
          <string>˩˨</string>
          <string>˦˥</string>
          <string>˥˩</string>
          <string>˩˥</string>
          <string>²</string>
          <string>³</string>
          <string>¹</string>
          <string>˥</string>
          <string>˦</string>
          <string>˧</string>
          <string>˨</string>
          <string>˩</string>
          <string>̀</string>
          <string>́</string>
          <string>̂</string>
          <string>̄</string>
          <string>̋</string>
          <string>̌</string>
          <string>̏</string>
          <string>᷄</string>
          <string>᷅</string>
          <string>᷈</string>
          <string>⁴</string>
          <string>⁵</string>
          <string>⁶</string>
          <string>⁷</string>
          <string>⁸</string>
          <string>⁹</string>
          <string>↑</string>
          <string>↓</string>
          <string>↗</string>
          <string>↘</string>
          <string>'</string>
          <string>-</string>
          <string>.</string>
          <string>|</string>
          <string>ˈ</string>
          <string>ˌ</string>
          <string>‖</string>
          <string>‿</string>
          <string>ː</string>
          <string>ˑ</string>
          <string>̆</string>
        </CompleteIgnoredList>
      </SearchQuery>
    </Queries>
  </QueryGroup>
  <QueryGroup Name="5ExEnvironments" Expanded="false" ExpandedInPopup="false">
    <Queries>
      <SearchQuery version="2" Name="ExEnvrnmt=WordInitial" Pattern="[C]/#_*">
        <IsPatternRegExpression>false</IsPatternRegExpression>
        <ShowAllOccurrences>true</ShowAllOccurrences>
        <IncludeAllUncertainPossibilities>false</IncludeAllUncertainPossibilities>
        <IgnoreDiacritics>false</IgnoreDiacritics>
        <IgnoredStressChars>',-,.,|,ˈ,ˌ,‖,‿,</IgnoredStressChars>
        <IgnoredToneChars>˥˧,˧˩,˦˥˦,˩˨,˦˥,˥˩,˩˥,²,³,¹,˥,˦,˧,˨,˩,̀,́,̂,̄,̋,̌,̏,᷄,᷅,᷈,⁴,⁵,⁶,⁷,⁸,⁹,↑,↓,↗,↘,</IgnoredToneChars>
        <IgnoredLengthChars>ː,ˑ,̆,</IgnoredLengthChars>
        <CompleteIgnoredList>
          <string>˦˥˦</string>
          <string>˥˧</string>
          <string>˧˩</string>
          <string>˩˨</string>
          <string>˦˥</string>
          <string>˥˩</string>
          <string>˩˥</string>
          <string>²</string>
          <string>³</string>
          <string>¹</string>
          <string>˥</string>
          <string>˦</string>
          <string>˧</string>
          <string>˨</string>
          <string>˩</string>
          <string>̀</string>
          <string>́</string>
          <string>̂</string>
          <string>̄</string>
          <string>̋</string>
          <string>̌</string>
          <string>̏</string>
          <string>᷄</string>
          <string>᷅</string>
          <string>᷈</string>
          <string>⁴</string>
          <string>⁵</string>
          <string>⁶</string>
          <string>⁷</string>
          <string>⁸</string>
          <string>⁹</string>
          <string>↑</string>
          <string>↓</string>
          <string>↗</string>
          <string>↘</string>
          <string>'</string>
          <string>-</string>
          <string>.</string>
          <string>|</string>
          <string>ˈ</string>
          <string>ˌ</string>
          <string>‖</string>
          <string>‿</string>
          <string>ː</string>
          <string>ˑ</string>
          <string>̆</string>
        </CompleteIgnoredList>
      </SearchQuery>
      <SearchQuery version="2" Name="ExEnvrnmt=WordFinal" Pattern="[C]/*_[#]">
        <IsPatternRegExpression>false</IsPatternRegExpression>
        <ShowAllOccurrences>true</ShowAllOccurrences>
        <IncludeAllUncertainPossibilities>false</IncludeAllUncertainPossibilities>
        <IgnoreDiacritics>false</IgnoreDiacritics>
        <IgnoredStressChars>',-,.,|,ˈ,ˌ,‖,‿,</IgnoredStressChars>
        <IgnoredToneChars>˥˧,˧˩,˦˥˦,˩˨,˦˥,˥˩,˩˥,²,³,¹,˥,˦,˧,˨,˩,̀,́,̂,̄,̋,̌,̏,᷄,᷅,᷈,⁴,⁵,⁶,⁷,⁸,⁹,↑,↓,↗,↘,</IgnoredToneChars>
        <IgnoredLengthChars>ː,ˑ,̆,</IgnoredLengthChars>
        <CompleteIgnoredList>
          <string>˦˥˦</string>
          <string>˥˧</string>
          <string>˧˩</string>
          <string>˩˨</string>
          <string>˦˥</string>
          <string>˥˩</string>
          <string>˩˥</string>
          <string>²</string>
          <string>³</string>
          <string>¹</string>
          <string>˥</string>
          <string>˦</string>
          <string>˧</string>
          <string>˨</string>
          <string>˩</string>
          <string>̀</string>
          <string>́</string>
          <string>̂</string>
          <string>̄</string>
          <string>̋</string>
          <string>̌</string>
          <string>̏</string>
          <string>᷄</string>
          <string>᷅</string>
          <string>᷈</string>
          <string>⁴</string>
          <string>⁵</string>
          <string>⁶</string>
          <string>⁷</string>
          <string>⁸</string>
          <string>⁹</string>
          <string>↑</string>
          <string>↓</string>
          <string>↗</string>
          <string>↘</string>
          <string>'</string>
          <string>-</string>
          <string>.</string>
          <string>|</string>
          <string>ˈ</string>
          <string>ˌ</string>
          <string>‖</string>
          <string>‿</string>
          <string>ː</string>
          <string>ˑ</string>
          <string>̆</string>
        </CompleteIgnoredList>
      </SearchQuery>
      <SearchQuery version="2" Name="ExEnvrnmt=Intervocalic" Pattern="[C]/[V]_[V]">
        <IsPatternRegExpression>false</IsPatternRegExpression>
        <ShowAllOccurrences>true</ShowAllOccurrences>
        <IncludeAllUncertainPossibilities>false</IncludeAllUncertainPossibilities>
        <IgnoreDiacritics>false</IgnoreDiacritics>
        <IgnoredStressChars>',-,.,|,ˈ,ˌ,‖,‿,</IgnoredStressChars>
        <IgnoredToneChars>˥˧,˧˩,˦˥˦,˩˨,˦˥,˥˩,˩˥,²,³,¹,˥,˦,˧,˨,˩,̀,́,̂,̄,̋,̌,̏,᷄,᷅,᷈,⁴,⁵,⁶,⁷,⁸,⁹,↑,↓,↗,↘,</IgnoredToneChars>
        <IgnoredLengthChars>ː,ˑ,̆,</IgnoredLengthChars>
        <CompleteIgnoredList>
          <string>˦˥˦</string>
          <string>˥˧</string>
          <string>˧˩</string>
          <string>˩˨</string>
          <string>˦˥</string>
          <string>˥˩</string>
          <string>˩˥</string>
          <string>²</string>
          <string>³</string>
          <string>¹</string>
          <string>˥</string>
          <string>˦</string>
          <string>˧</string>
          <string>˨</string>
          <string>˩</string>
          <string>̀</string>
          <string>́</string>
          <string>̂</string>
          <string>̄</string>
          <string>̋</string>
          <string>̌</string>
          <string>̏</string>
          <string>᷄</string>
          <string>᷅</string>
          <string>᷈</string>
          <string>⁴</string>
          <string>⁵</string>
          <string>⁶</string>
          <string>⁷</string>
          <string>⁸</string>
          <string>⁹</string>
          <string>↑</string>
          <string>↓</string>
          <string>↗</string>
          <string>↘</string>
          <string>'</string>
          <string>-</string>
          <string>.</string>
          <string>|</string>
          <string>ˈ</string>
          <string>ˌ</string>
          <string>‖</string>
          <string>‿</string>
          <string>ː</string>
          <string>ˑ</string>
          <string>̆</string>
        </CompleteIgnoredList>
      </SearchQuery>
      <SearchQuery version="2" Name="ExEnvrnmt=SetOfPhonesPreceding" Pattern="[C]/{i,e}_*">
        <IsPatternRegExpression>false</IsPatternRegExpression>
        <ShowAllOccurrences>true</ShowAllOccurrences>
        <IncludeAllUncertainPossibilities>false</IncludeAllUncertainPossibilities>
        <IgnoreDiacritics>false</IgnoreDiacritics>
        <IgnoredStressChars>',-,.,|,ˈ,ˌ,‖,‿,</IgnoredStressChars>
        <IgnoredToneChars>˥˧,˧˩,˦˥˦,˩˨,˦˥,˥˩,˩˥,²,³,¹,˥,˦,˧,˨,˩,̀,́,̂,̄,̋,̌,̏,᷄,᷅,᷈,⁴,⁵,⁶,⁷,⁸,⁹,↑,↓,↗,↘,</IgnoredToneChars>
        <IgnoredLengthChars>ː,ˑ,̆,</IgnoredLengthChars>
        <CompleteIgnoredList>
          <string>˦˥˦</string>
          <string>˥˧</string>
          <string>˧˩</string>
          <string>˩˨</string>
          <string>˦˥</string>
          <string>˥˩</string>
          <string>˩˥</string>
          <string>²</string>
          <string>³</string>
          <string>¹</string>
          <string>˥</string>
          <string>˦</string>
          <string>˧</string>
          <string>˨</string>
          <string>˩</string>
          <string>̀</string>
          <string>́</string>
          <string>̂</string>
          <string>̄</string>
          <string>̋</string>
          <string>̌</string>
          <string>̏</string>
          <string>᷄</string>
          <string>᷅</string>
          <string>᷈</string>
          <string>⁴</string>
          <string>⁵</string>
          <string>⁶</string>
          <string>⁷</string>
          <string>⁸</string>
          <string>⁹</string>
          <string>↑</string>
          <string>↓</string>
          <string>↗</string>
          <string>↘</string>
          <string>'</string>
          <string>-</string>
          <string>.</string>
          <string>|</string>
          <string>ˈ</string>
          <string>ˌ</string>
          <string>‖</string>
          <string>‿</string>
          <string>ː</string>
          <string>ˑ</string>
          <string>̆</string>
        </CompleteIgnoredList>
      </SearchQuery>
    </Queries>
  </QueryGroup>
</SearchQueries>